campaign_id,platform,klike_score,rank,attribute,recommendation,estimated_impact
KLK-0001,Meta,63.6,1,has_hook,"Add hook in the first 3 seconds to your creative. On Meta, creatives WITH this attribute score ~17.9 klike_score points higher on average; CTR could improve by ~34%.",17.86
KLK-0001,Meta,63.6,2,format,"Switch ad format from 'vertical' to 'quadrado'. On Meta, 'quadrado' format averages +3.7 klike_score points higher.",3.65
KLK-0002,LinkedIn,70.0,1,text_density,"Switch text density from 'low' to 'medium'. On LinkedIn, 'medium' text density averages +5.9 klike_score points higher.",5.9
KLK-0003,TikTok,99.1,1,video_duration_s,"Increase video duration from 8s to ~38s. The optimal duration bucket for TikTok is '31-45s', which averages +8.8 klike_score points vs your current range.",8.79
KLK-0004,TikTok,74.9,1,format,"Switch ad format from 'quadrado' to 'vertical'. On TikTok, 'vertical' format averages +9.1 klike_score points higher.",9.08
KLK-0004,TikTok,74.9,2,has_subtitle,"Add subtitles / captions to your creative. On TikTok, creatives WITH this attribute score ~7.9 klike_score points higher on average; CTR could improve by ~11%.",7.95
KLK-0004,TikTok,74.9,3,video_duration_s,"Increase video duration from 27s to ~38s. The optimal duration bucket for TikTok is '31-45s', which averages +7.7 klike_score points vs your current range.",7.72
KLK-0005,Meta,77.9,1,text_density,"Switch text density from 'low' to 'medium'. On Meta, 'medium' text density averages +8.5 klike_score points higher.",8.55
KLK-0005,Meta,77.9,2,format,"Switch ad format from 'vertical' to 'quadrado'. On Meta, 'quadrado' format averages +3.7 klike_score points higher.",3.65
KLK-0005,Meta,77.9,3,video_duration_s,"Increase video duration from 34s to ~75s. The optimal duration bucket for Meta is '>60s', which averages +2.8 klike_score points vs your current range.",2.81
KLK-0006,Meta,75.6,1,text_density,"Switch text density from 'low' to 'medium'. On Meta, 'medium' text density averages +8.5 klike_score points higher.",8.55
KLK-0006,Meta,75.6,2,video_duration_s,"Increase video duration from 26s to ~75s. The optimal duration bucket for Meta is '>60s', which averages +6.4 klike_score points vs your current range.",6.43
KLK-0006,Meta,75.6,3,format,"Switch ad format from 'vertical' to 'quadrado'. On Meta, 'quadrado' format averages +3.7 klike_score points higher.",3.65
KLK-0007,Meta,64.9,1,has_hook,"Add hook in the first 3 seconds to your creative. On Meta, creatives WITH this attribute score ~17.9 klike_score points higher on average; CTR could improve by ~34%.",17.86
KLK-0007,Meta,64.9,2,has_cta,"Add a clear call-to-action to your creative. On Meta, creatives WITH this attribute score ~7.6 klike_score points higher on average; CTR could improve by ~6%.",7.61
KLK-0008,LinkedIn,61.4,1,has_hook,"Add hook in the first 3 seconds to your creative. On LinkedIn, creatives WITH this attribute score ~15.9 klike_score points higher on average; CTR could improve by ~52%.",15.95
KLK-0008,LinkedIn,61.4,2,video_duration_s,"Increase video duration from 37s to ~75s. The optimal duration bucket for LinkedIn is '>60s', which averages +11.8 klike_score points vs your current range.",11.84
KLK-0008,LinkedIn,61.4,3,text_density,"Switch text density from 'low' to 'medium'. On LinkedIn, 'medium' text density averages +5.9 klike_score points higher.",5.9
KLK-0009,TikTok,84.2,1,has_hook,"Add hook in the first 3 seconds to your creative. On TikTok, creatives WITH this attribute score ~17.3 klike_score points higher on average; CTR could improve by ~40%.",17.29
KLK-0009,TikTok,84.2,2,text_density,"Switch text density from 'high' to 'medium'. On TikTok, 'medium' text density averages +11.6 klike_score points higher.",11.61
KLK-0009,TikTok,84.2,3,video_duration_s,"Increase video duration from 10s to ~38s. The optimal duration bucket for TikTok is '31-45s', which averages +8.8 klike_score points vs your current range.",8.79
KLK-0010,TikTok,46.5,1,has_hook,"Add hook in the first 3 seconds to your creative. On TikTok, creatives WITH this attribute score ~17.3 klike_score points higher on average; CTR could improve by ~40%.",17.29
KLK-0010,TikTok,46.5,2,video_duration_s,"Increase video duration from 12s to ~38s. The optimal duration bucket for TikTok is '31-45s', which averages +13.4 klike_score points vs your current range.",13.42
KLK-0010,TikTok,46.5,3,text_density,"Switch text density from 'high' to 'medium'. On TikTok, 'medium' text density averages +11.6 klike_score points higher.",11.61
KLK-0011,Meta,52.9,1,has_hook,"Add hook in the first 3 seconds to your creative. On Meta, creatives WITH this attribute score ~17.9 klike_score points higher on average; CTR could improve by ~34%.",17.86
KLK-0011,Meta,52.9,2,text_density,"Switch text density from 'low' to 'medium'. On Meta, 'medium' text density averages +8.5 klike_score points higher.",8.55
KLK-0011,Meta,52.9,3,video_duration_s,"Increase video duration from 7s to ~75s. The optimal duration bucket for Meta is '>60s', which averages +5.4 klike_score points vs your current range.",5.4
KLK-0012,LinkedIn,51.7,1,has_face,"Add a human face to your creative. On LinkedIn, creatives WITH this attribute score ~13.1 klike_score points higher on average; CTR could improve by ~33%.",13.11
KLK-0012,LinkedIn,51.7,2,has_cta,"Add a clear call-to-action to your creative. On LinkedIn, creatives WITH this attribute score ~8.8 klike_score points higher on average; CTR could improve by ~13%.",8.77
KLK-0012,LinkedIn,51.7,3,video_duration_s,"Increase video duration from 23s to ~75s. The optimal duration bucket for LinkedIn is '>60s', which averages +7.4 klike_score points vs your current range.",7.43
KLK-0013,TikTok,77.2,1,has_cta,"Add a clear call-to-action to your creative. On TikTok, creatives WITH this attribute score ~9.1 klike_score points higher on average; CTR could improve by ~10%.",9.12
KLK-0013,TikTok,77.2,2,format,"Switch ad format from 'quadrado' to 'vertical'. On TikTok, 'vertical' format averages +9.1 klike_score points higher.",9.08
KLK-0013,TikTok,77.2,3,video_duration_s,"Increase video duration from 22s to ~38s. The optimal duration bucket for TikTok is '31-45s', which averages +7.7 klike_score points vs your current range.",7.72
KLK-0014,Meta,64.3,1,has_face,"Add a human face to your creative. On Meta, creatives WITH this attribute score ~12.9 klike_score points higher on average; CTR could improve by ~11%.",12.94
KLK-0014,Meta,64.3,2,has_subtitle,"Add subtitles / captions to your creative. On Meta, creatives WITH this attribute score ~7.5 klike_score points higher on average; CTR could improve by ~13%.",7.48
KLK-0014,Meta,64.3,3,video_duration_s,"Increase video duration from 11s to ~75s. The optimal duration bucket for Meta is '>60s', which averages +6.1 klike_score points vs your current range.",6.13
KLK-0015,Meta,63.3,1,has_hook,"Add hook in the first 3 seconds to your creative. On Meta, creatives WITH this attribute score ~17.9 klike_score points higher on average; CTR could improve by ~34%.",17.86
KLK-0015,Meta,63.3,2,has_cta,"Add a clear call-to-action to your creative. On Meta, creatives WITH this attribute score ~7.6 klike_score points higher on average; CTR could improve by ~6%.",7.61
KLK-0015,Meta,63.3,3,video_duration_s,"Increase video duration from 30s to ~75s. The optimal duration bucket for Meta is '>60s', which averages +6.4 klike_score points vs your current range.",6.43
KLK-0016,Meta,62.3,1,has_face,"Add a human face to your creative. On Meta, creatives WITH this attribute score ~12.9 klike_score points higher on average; CTR could improve by ~11% — efeito especialmente forte para a faixa etária 25-34.",12.94
KLK-0016,Meta,62.3,2,text_density,"Switch text density from 'low' to 'medium'. On Meta, 'medium' text density averages +8.5 klike_score points higher.",8.55
KLK-0016,Meta,62.3,3,has_subtitle,"Add subtitles / captions to your creative. On Meta, creatives WITH this attribute score ~7.5 klike_score points higher on average; CTR could improve by ~13%.",7.48
KLK-0017,Meta,61.3,1,has_hook,"Add hook in the first 3 seconds to your creative. On Meta, creatives WITH this attribute score ~17.9 klike_score points higher on average; CTR could improve by ~34%.",17.86
KLK-0017,Meta,61.3,2,has_subtitle,"Add subtitles / captions to your creative. On Meta, creatives WITH this attribute score ~7.5 klike_score points higher on average; CTR could improve by ~13%.",7.48
KLK-0017,Meta,61.3,3,video_duration_s,"Increase video duration from 7s to ~75s. The optimal duration bucket for Meta is '>60s', which averages +5.4 klike_score points vs your current range.",5.4
KLK-0018,TikTok,62.7,1,has_face,"Add a human face to your creative. On TikTok, creatives WITH this attribute score ~10.7 klike_score points higher on average; CTR could improve by ~38%.",10.69
KLK-0018,TikTok,62.7,2,video_duration_s,"Increase video duration from 7s to ~38s. The optimal duration bucket for TikTok is '31-45s', which averages +8.8 klike_score points vs your current range.",8.79
KLK-0019,Meta,49.5,1,has_hook,"Add hook in the first 3 seconds to your creative. On Meta, creatives WITH this attribute score ~17.9 klike_score points higher on average; CTR could improve by ~34%.",17.86
KLK-0019,Meta,49.5,2,has_face,"Add a human face to your creative. On Meta, creatives WITH this attribute score ~12.9 klike_score points higher on average; CTR could improve by ~11%.",12.94
KLK-0019,Meta,49.5,3,text_density,"Switch text density from 'low' to 'medium'. On Meta, 'medium' text density averages +8.5 klike_score points higher.",8.55
KLK-0020,Meta,58.5,1,has_hook,"Add hook in the first 3 seconds to your creative. On Meta, creatives WITH this attribute score ~17.9 klike_score points higher on average; CTR could improve by ~34%.",17.86
KLK-0020,Meta,58.5,2,text_density,"Switch text density from 'low' to 'medium'. On Meta, 'medium' text density averages +8.5 klike_score points higher.",8.55
KLK-0020,Meta,58.5,3,has_cta,"Add a clear call-to-action to your creative. On Meta, creatives WITH this attribute score ~7.6 klike_score points higher on average; CTR could improve by ~6%.",7.61
KLK-0021,TikTok,56.9,1,has_hook,"Add hook in the first 3 seconds to your creative. On TikTok, creatives WITH this attribute score ~17.3 klike_score points higher on average; CTR could improve by ~40%.",17.29
KLK-0021,TikTok,56.9,2,video_duration_s,"Increase video duration from 13s to ~38s. The optimal duration bucket for TikTok is '31-45s', which averages +13.4 klike_score points vs your current range.",13.42
KLK-0021,TikTok,56.9,3,has_face,"Add a human face to your creative. On TikTok, creatives WITH this attribute score ~10.7 klike_score points higher on average; CTR could improve by ~38%.",10.69
KLK-0022,Meta,71.5,1,has_hook,"Add hook in the first 3 seconds to your creative. On Meta, creatives WITH this attribute score ~17.9 klike_score points higher on average; CTR could improve by ~34%.",17.86
KLK-0022,Meta,71.5,2,text_density,"Switch text density from 'low' to 'medium'. On Meta, 'medium' text density averages +8.5 klike_score points higher.",8.55
KLK-0023,Meta,51.0,1,has_hook,"Add hook in the first 3 seconds to your creative. On Meta, creatives WITH this attribute score ~17.9 klike_score points higher on average; CTR could improve by ~34%.",17.86
KLK-0023,Meta,51.0,2,text_density,"Switch text density from 'low' to 'medium'. On Meta, 'medium' text density averages +8.5 klike_score points higher.",8.55
KLK-0023,Meta,51.0,3,has_subtitle,"Add subtitles / captions to your creative. On Meta, creatives WITH this attribute score ~7.5 klike_score points higher on average; CTR could improve by ~13%.",7.48
KLK-0024,Meta,43.1,1,text_density,"Switch text density from 'high' to 'medium'. On Meta, 'medium' text density averages +18.3 klike_score points higher.",18.35
KLK-0024,Meta,43.1,2,has_hook,"Add hook in the first 3 seconds to your creative. On Meta, creatives WITH this attribute score ~17.9 klike_score points higher on average; CTR could improve by ~34%.",17.86
KLK-0024,Meta,43.1,3,has_face,"Add a human face to your creative. On Meta, creatives WITH this attribute score ~12.9 klike_score points higher on average; CTR could improve by ~11% — efeito especialmente forte para a faixa etária 25-34.",12.94
KLK-0025,Meta,54.5,1,has_hook,"Add hook in the first 3 seconds to your creative. On Meta, creatives WITH this attribute score ~17.9 klike_score points higher on average; CTR could improve by ~34%.",17.86
KLK-0025,Meta,54.5,2,has_face,"Add a human face to your creative. On Meta, creatives WITH this attribute score ~12.9 klike_score points higher on average; CTR could improve by ~11% — efeito especialmente forte para a faixa etária 25-34.",12.94
KLK-0025,Meta,54.5,3,format,"Switch ad format from 'horizontal' to 'quadrado'. On Meta, 'quadrado' format averages +3.6 klike_score points higher.",3.55
KLK-0026,TikTok,54.2,1,has_hook,"Add hook in the first 3 seconds to your creative. On TikTok, creatives WITH this attribute score ~17.3 klike_score points higher on average; CTR could improve by ~40%.",17.29
KLK-0026,TikTok,54.2,2,has_subtitle,"Add subtitles / captions to your creative. On TikTok, creatives WITH this attribute score ~7.9 klike_score points higher on average; CTR could improve by ~11%.",7.95
KLK-0026,TikTok,54.2,3,video_duration_s,"Increase video duration from 26s to ~38s. The optimal duration bucket for TikTok is '31-45s', which averages +7.7 klike_score points vs your current range.",7.72
KLK-0027,Meta,59.0,1,has_hook,"Add hook in the first 3 seconds to your creative. On Meta, creatives WITH this attribute score ~17.9 klike_score points higher on average; CTR could improve by ~34%.",17.86
KLK-0027,Meta,59.0,2,text_density,"Switch text density from 'low' to 'medium'. On Meta, 'medium' text density averages +8.5 klike_score points higher.",8.55
KLK-0027,Meta,59.0,3,has_cta,"Add a clear call-to-action to your creative. On Meta, creatives WITH this attribute score ~7.6 klike_score points higher on average; CTR could improve by ~6%.",7.61
KLK-0028,TikTok,69.1,1,video_duration_s,"Increase video duration from 11s to ~38s. The optimal duration bucket for TikTok is '31-45s', which averages +13.4 klike_score points vs your current range.",13.42
KLK-0028,TikTok,69.1,2,has_face,"Add a human face to your creative. On TikTok, creatives WITH this attribute score ~10.7 klike_score points higher on average; CTR could improve by ~38%.",10.69
KLK-0028,TikTok,69.1,3,has_subtitle,"Add subtitles / captions to your creative. On TikTok, creatives WITH this attribute score ~7.9 klike_score points higher on average; CTR could improve by ~11%.",7.95
KLK-0029,TikTok,56.5,1,video_duration_s,"Increase video duration from 13s to ~38s. The optimal duration bucket for TikTok is '31-45s', which averages +13.4 klike_score points vs your current range.",13.42
KLK-0029,TikTok,56.5,2,has_face,"Add a human face to your creative. On TikTok, creatives WITH this attribute score ~10.7 klike_score points higher on average; CTR could improve by ~38%.",10.69
KLK-0030,Meta,60.0,1,has_hook,"Add hook in the first 3 seconds to your creative. On Meta, creatives WITH this attribute score ~17.9 klike_score points higher on average; CTR could improve by ~34%.",17.86
KLK-0030,Meta,60.0,2,has_face,"Add a human face to your creative. On Meta, creatives WITH this attribute score ~12.9 klike_score points higher on average; CTR could improve by ~11%.",12.94
KLK-0030,Meta,60.0,3,video_duration_s,"Increase video duration from 22s to ~75s. The optimal duration bucket for Meta is '>60s', which averages +6.4 klike_score points vs your current range.",6.43
KLK-0031,TikTok,78.4,1,video_duration_s,"Increase video duration from 16s to ~38s. The optimal duration bucket for TikTok is '31-45s', which averages +13.4 klike_score points vs your current range.",13.42
KLK-0031,TikTok,78.4,2,has_face,"Add a human face to your creative. On TikTok, creatives WITH this attribute score ~10.7 klike_score points higher on average; CTR could improve by ~38%.",10.69
KLK-0032,Meta,76.4,1,text_density,"Switch text density from 'low' to 'medium'. On Meta, 'medium' text density averages +8.5 klike_score points higher.",8.55
KLK-0032,Meta,76.4,2,has_cta,"Add a clear call-to-action to your creative. On Meta, creatives WITH this attribute score ~7.6 klike_score points higher on average; CTR could improve by ~6%.",7.61
KLK-0032,Meta,76.4,3,video_duration_s,"Increase video duration from 36s to ~75s. The optimal duration bucket for Meta is '>60s', which averages +2.8 klike_score points vs your current range.",2.81
KLK-0033,Meta,40.7,1,has_hook,"Add hook in the first 3 seconds to your creative. On Meta, creatives WITH this attribute score ~17.9 klike_score points higher on average; CTR could improve by ~34%.",17.86
KLK-0033,Meta,40.7,2,has_face,"Add a human face to your creative. On Meta, creatives WITH this attribute score ~12.9 klike_score points higher on average; CTR could improve by ~11%.",12.94
KLK-0033,Meta,40.7,3,video_duration_s,"Increase video duration from 59s to ~75s. The optimal duration bucket for Meta is '>60s', which averages +9.6 klike_score points vs your current range.",9.64
KLK-0034,LinkedIn,56.1,1,has_hook,"Add hook in the first 3 seconds to your creative. On LinkedIn, creatives WITH this attribute score ~15.9 klike_score points higher on average; CTR could improve by ~52%.",15.95
KLK-0034,LinkedIn,56.1,2,video_duration_s,"Increase video duration from 22s to ~75s. The optimal duration bucket for LinkedIn is '>60s', which averages +7.4 klike_score points vs your current range.",7.43
KLK-0034,LinkedIn,56.1,3,text_density,"Switch text density from 'low' to 'medium'. On LinkedIn, 'medium' text density averages +5.9 klike_score points higher.",5.9
KLK-0035,LinkedIn,52.4,1,has_hook,"Add hook in the first 3 seconds to your creative. On LinkedIn, creatives WITH this attribute score ~15.9 klike_score points higher on average; CTR could improve by ~52%.",15.95
KLK-0035,LinkedIn,52.4,2,text_density,"Switch text density from 'low' to 'medium'. On LinkedIn, 'medium' text density averages +5.9 klike_score points higher.",5.9
KLK-0035,LinkedIn,52.4,3,has_subtitle,"Add subtitles / captions to your creative. On LinkedIn, creatives WITH this attribute score ~5.2 klike_score points higher on average; CTR could improve by ~-5%.",5.22
KLK-0036,TikTok,78.5,1,has_cta,"Add a clear call-to-action to your creative. On TikTok, creatives WITH this attribute score ~9.1 klike_score points higher on average; CTR could improve by ~10%.",9.12
KLK-0036,TikTok,78.5,2,video_duration_s,"Increase video duration from 22s to ~38s. The optimal duration bucket for TikTok is '31-45s', which averages +7.7 klike_score points vs your current range.",7.72
KLK-0037,Meta,69.8,1,has_face,"Add a human face to your creative. On Meta, creatives WITH this attribute score ~12.9 klike_score points higher on average; CTR could improve by ~11%.",12.94
KLK-0037,Meta,69.8,2,text_density,"Switch text density from 'low' to 'medium'. On Meta, 'medium' text density averages +8.5 klike_score points higher.",8.55
KLK-0037,Meta,69.8,3,video_duration_s,"Increase video duration from 15s to ~75s. The optimal duration bucket for Meta is '>60s', which averages +6.1 klike_score points vs your current range.",6.13
KLK-0038,Meta,94.4,1,format,"Switch ad format from 'vertical' to 'quadrado'. On Meta, 'quadrado' format averages +3.7 klike_score points higher.",3.65
KLK-0038,Meta,94.4,2,video_duration_s,"Increase video duration from 40s to ~75s. The optimal duration bucket for Meta is '>60s', which averages +2.8 klike_score points vs your current range.",2.81
KLK-0039,TikTok,76.5,1,has_face,"Add a human face to your creative. On TikTok, creatives WITH this attribute score ~10.7 klike_score points higher on average; CTR could improve by ~38% — efeito especialmente forte para a faixa etária 25-34.",10.69
KLK-0039,TikTok,76.5,2,has_cta,"Add a clear call-to-action to your creative. On TikTok, creatives WITH this attribute score ~9.1 klike_score points higher on average; CTR could improve by ~10%.",9.12
KLK-0039,TikTok,76.5,3,video_duration_s,"Increase video duration from 28s to ~38s. The optimal duration bucket for TikTok is '31-45s', which averages +7.7 klike_score points vs your current range.",7.72
KLK-0040,Meta,47.9,1,text_density,"Switch text density from 'high' to 'medium'. On Meta, 'medium' text density averages +18.3 klike_score points higher.",18.35
KLK-0040,Meta,47.9,2,has_subtitle,"Add subtitles / captions to your creative. On Meta, creatives WITH this attribute score ~7.5 klike_score points higher on average; CTR could improve by ~13%.",7.48
KLK-0041,Meta,56.4,1,text_density,"Switch text density from 'high' to 'medium'. On Meta, 'medium' text density averages +18.3 klike_score points higher.",18.35
KLK-0041,Meta,56.4,2,video_duration_s,"Increase video duration from 46s to ~75s. The optimal duration bucket for Meta is '>60s', which averages +9.6 klike_score points vs your current range.",9.64
KLK-0041,Meta,56.4,3,has_cta,"Add a clear call-to-action to your creative. On Meta, creatives WITH this attribute score ~7.6 klike_score points higher on average; CTR could improve by ~6%.",7.61
KLK-0042,Meta,51.0,1,has_hook,"Add hook in the first 3 seconds to your creative. On Meta, creatives WITH this attribute score ~17.9 klike_score points higher on average; CTR could improve by ~34%.",17.86
KLK-0042,Meta,51.0,2,has_face,"Add a human face to your creative. On Meta, creatives WITH this attribute score ~12.9 klike_score points higher on average; CTR could improve by ~11% — efeito especialmente forte para a faixa etária 25-34.",12.94
KLK-0042,Meta,51.0,3,has_cta,"Add a clear call-to-action to your creative. On Meta, creatives WITH this attribute score ~7.6 klike_score points higher on average; CTR could improve by ~6%.",7.61
KLK-0043,Meta,52.8,1,has_hook,"Add hook in the first 3 seconds to your creative. On Meta, creatives WITH this attribute score ~17.9 klike_score points higher on average; CTR could improve by ~34%.",17.86
KLK-0043,Meta,52.8,2,text_density,"Switch text density from 'low' to 'medium'. On Meta, 'medium' text density averages +8.5 klike_score points higher.",8.55
KLK-0043,Meta,52.8,3,format,"Switch ad format from 'vertical' to 'quadrado'. On Meta, 'quadrado' format averages +3.7 klike_score points higher.",3.65
KLK-0044,LinkedIn,85.6,1,video_duration_s,"Increase video duration from 20s to ~75s. The optimal duration bucket for LinkedIn is '>60s', which averages +10.1 klike_score points vs your current range.",10.12
KLK-0045,Meta,78.8,1,video_duration_s,"Increase video duration from 13s to ~75s. The optimal duration bucket for Meta is '>60s', which averages +6.1 klike_score points vs your current range.",6.13
KLK-0045,Meta,78.8,2,format,"Switch ad format from 'vertical' to 'quadrado'. On Meta, 'quadrado' format averages +3.7 klike_score points higher.",3.65
KLK-0046,TikTok,77.0,1,has_face,"Add a human face to your creative. On TikTok, creatives WITH this attribute score ~10.7 klike_score points higher on average; CTR could improve by ~38% — efeito especialmente forte para a faixa etária 25-34.",10.69
KLK-0046,TikTok,77.0,2,video_duration_s,"Increase video duration from 5s to ~38s. The optimal duration bucket for TikTok is '31-45s', which averages +8.8 klike_score points vs your current range.",8.79
KLK-0046,TikTok,77.0,3,text_density,"Switch text density from 'low' to 'medium'. On TikTok, 'medium' text density averages +3.2 klike_score points higher.",3.22
KLK-0047,Meta,72.0,1,has_cta,"Add a clear call-to-action to your creative. On Meta, creatives WITH this attribute score ~7.6 klike_score points higher on average; CTR could improve by ~6%.",7.61
KLK-0047,Meta,72.0,2,has_subtitle,"Add subtitles / captions to your creative. On Meta, creatives WITH this attribute score ~7.5 klike_score points higher on average; CTR could improve by ~13%.",7.48
KLK-0047,Meta,72.0,3,format,"Switch ad format from 'vertical' to 'quadrado'. On Meta, 'quadrado' format averages +3.7 klike_score points higher.",3.65
KLK-0048,TikTok,39.7,1,has_hook,"Add hook in the first 3 seconds to your creative. On TikTok, creatives WITH this attribute score ~17.3 klike_score points higher on average; CTR could improve by ~40%.",17.29
KLK-0048,TikTok,39.7,2,video_duration_s,"Increase video duration from 15s to ~38s. The optimal duration bucket for TikTok is '31-45s', which averages +13.4 klike_score points vs your current range.",13.42
KLK-0048,TikTok,39.7,3,text_density,"Switch text density from 'high' to 'medium'. On TikTok, 'medium' text density averages +11.6 klike_score points higher.",11.61
KLK-0049,TikTok,92.7,1,video_duration_s,"Increase video duration from 9s to ~38s. The optimal duration bucket for TikTok is '31-45s', which averages +8.8 klike_score points vs your current range.",8.79
KLK-0050,Meta,71.6,1,text_density,"Switch text density from 'low' to 'medium'. On Meta, 'medium' text density averages +8.5 klike_score points higher.",8.55
KLK-0050,Meta,71.6,2,has_cta,"Add a clear call-to-action to your creative. On Meta, creatives WITH this attribute score ~7.6 klike_score points higher on average; CTR could improve by ~6%.",7.61
KLK-0050,Meta,71.6,3,video_duration_s,"Increase video duration from 16s to ~75s. The optimal duration bucket for Meta is '>60s', which averages +6.1 klike_score points vs your current range.",6.13
KLK-0051,LinkedIn,74.2,1,video_duration_s,"Increase video duration from 13s to ~75s. The optimal duration bucket for LinkedIn is '>60s', which averages +10.1 klike_score points vs your current range.",10.12
KLK-0051,LinkedIn,74.2,2,text_density,"Switch text density from 'low' to 'medium'. On LinkedIn, 'medium' text density averages +5.9 klike_score points higher.",5.9
KLK-0052,TikTok,92.4,1,has_subtitle,"Add subtitles / captions to your creative. On TikTok, creatives WITH this attribute score ~7.9 klike_score points higher on average; CTR could improve by ~11%.",7.95
KLK-0052,TikTok,92.4,2,video_duration_s,"Increase video duration from 22s to ~38s. The optimal duration bucket for TikTok is '31-45s', which averages +7.7 klike_score points vs your current range.",7.72
KLK-0053,LinkedIn,50.8,1,has_hook,"Add hook in the first 3 seconds to your creative. On LinkedIn, creatives WITH this attribute score ~15.9 klike_score points higher on average; CTR could improve by ~52%.",15.95
KLK-0053,LinkedIn,50.8,2,video_duration_s,"Increase video duration from 19s to ~75s. The optimal duration bucket for LinkedIn is '>60s', which averages +10.1 klike_score points vs your current range.",10.12
KLK-0053,LinkedIn,50.8,3,text_density,"Switch text density from 'low' to 'medium'. On LinkedIn, 'medium' text density averages +5.9 klike_score points higher.",5.9
KLK-0054,LinkedIn,64.6,1,has_hook,"Add hook in the first 3 seconds to your creative. On LinkedIn, creatives WITH this attribute score ~15.9 klike_score points higher on average; CTR could improve by ~52%.",15.95
KLK-0054,LinkedIn,64.6,2,has_face,"Add a human face to your creative. On LinkedIn, creatives WITH this attribute score ~13.1 klike_score points higher on average; CTR could improve by ~33%.",13.11
KLK-0055,TikTok,47.1,1,has_hook,"Add hook in the first 3 seconds to your creative. On TikTok, creatives WITH this attribute score ~17.3 klike_score points higher on average; CTR could improve by ~40%.",17.29
KLK-0055,TikTok,47.1,2,video_duration_s,"Increase video duration from 11s to ~38s. The optimal duration bucket for TikTok is '31-45s', which averages +13.4 klike_score points vs your current range.",13.42
KLK-0055,TikTok,47.1,3,has_cta,"Add a clear call-to-action to your creative. On TikTok, creatives WITH this attribute score ~9.1 klike_score points higher on average; CTR could improve by ~10%.",9.12
KLK-0056,LinkedIn,64.3,1,video_duration_s,"Increase video duration from 17s to ~75s. The optimal duration bucket for LinkedIn is '>60s', which averages +10.1 klike_score points vs your current range.",10.12
KLK-0056,LinkedIn,64.3,2,text_density,"Switch text density from 'low' to 'medium'. On LinkedIn, 'medium' text density averages +5.9 klike_score points higher.",5.9
KLK-0056,LinkedIn,64.3,3,format,"Switch ad format from 'quadrado' to 'horizontal'. On LinkedIn, 'horizontal' format averages +2.3 klike_score points higher.",2.3
KLK-0057,Meta,59.8,1,text_density,"Switch text density from 'high' to 'medium'. On Meta, 'medium' text density averages +18.3 klike_score points higher.",18.35
KLK-0057,Meta,59.8,2,has_hook,"Add hook in the first 3 seconds to your creative. On Meta, creatives WITH this attribute score ~17.9 klike_score points higher on average; CTR could improve by ~34%.",17.86
KLK-0057,Meta,59.8,3,video_duration_s,"Increase video duration from 13s to ~75s. The optimal duration bucket for Meta is '>60s', which averages +6.1 klike_score points vs your current range.",6.13
KLK-0058,Meta,61.4,1,has_hook,"Add hook in the first 3 seconds to your creative. On Meta, creatives WITH this attribute score ~17.9 klike_score points higher on average; CTR could improve by ~34%.",17.86
KLK-0058,Meta,61.4,2,text_density,"Switch text density from 'low' to 'medium'. On Meta, 'medium' text density averages +8.5 klike_score points higher.",8.55
KLK-0058,Meta,61.4,3,video_duration_s,"Increase video duration from 7s to ~75s. The optimal duration bucket for Meta is '>60s', which averages +5.4 klike_score points vs your current range.",5.4
KLK-0059,Meta,23.7,1,has_hook,"Add hook in the first 3 seconds to your creative. On Meta, creatives WITH this attribute score ~17.9 klike_score points higher on average; CTR could improve by ~34%.",17.86
KLK-0059,Meta,23.7,2,has_face,"Add a human face to your creative. On Meta, creatives WITH this attribute score ~12.9 klike_score points higher on average; CTR could improve by ~11%.",12.94
KLK-0059,Meta,23.7,3,text_density,"Switch text density from 'low' to 'medium'. On Meta, 'medium' text density averages +8.5 klike_score points higher.",8.55
KLK-0060,Meta,77.6,1,has_subtitle,"Add subtitles / captions to your creative. On Meta, creatives WITH this attribute score ~7.5 klike_score points higher on average; CTR could improve by ~13%.",7.48
KLK-0060,Meta,77.6,2,video_duration_s,"Increase video duration from 13s to ~75s. The optimal duration bucket for Meta is '>60s', which averages +6.1 klike_score points vs your current range.",6.13
KLK-0061,Meta,75.5,1,format,"Switch ad format from 'vertical' to 'quadrado'. On Meta, 'quadrado' format averages +3.7 klike_score points higher.",3.65
KLK-0062,Meta,67.1,1,has_hook,"Add hook in the first 3 seconds to your creative. On Meta, creatives WITH this attribute score ~17.9 klike_score points higher on average; CTR could improve by ~34%.",17.86
KLK-0062,Meta,67.1,2,has_face,"Add a human face to your creative. On Meta, creatives WITH this attribute score ~12.9 klike_score points higher on average; CTR could improve by ~11%.",12.94
KLK-0062,Meta,67.1,3,video_duration_s,"Increase video duration from 14s to ~75s. The optimal duration bucket for Meta is '>60s', which averages +6.1 klike_score points vs your current range.",6.13
KLK-0063,TikTok,66.1,1,has_hook,"Add hook in the first 3 seconds to your creative. On TikTok, creatives WITH this attribute score ~17.3 klike_score points higher on average; CTR could improve by ~40%.",17.29
KLK-0063,TikTok,66.1,2,text_density,"Switch text density from 'high' to 'medium'. On TikTok, 'medium' text density averages +11.6 klike_score points higher.",11.61
KLK-0063,TikTok,66.1,3,has_cta,"Add a clear call-to-action to your creative. On TikTok, creatives WITH this attribute score ~9.1 klike_score points higher on average; CTR could improve by ~10%.",9.12
KLK-0064,Meta,86.7,1,video_duration_s,"Increase video duration from 26s to ~75s. The optimal duration bucket for Meta is '>60s', which averages +6.4 klike_score points vs your current range.",6.43
KLK-0064,Meta,86.7,2,format,"Switch ad format from 'horizontal' to 'quadrado'. On Meta, 'quadrado' format averages +3.6 klike_score points higher.",3.55
KLK-0065,Meta,79.0,1,text_density,"Switch text density from 'high' to 'medium'. On Meta, 'medium' text density averages +18.3 klike_score points higher.",18.35
KLK-0065,Meta,79.0,2,has_subtitle,"Add subtitles / captions to your creative. On Meta, creatives WITH this attribute score ~7.5 klike_score points higher on average; CTR could improve by ~13%.",7.48
KLK-0065,Meta,79.0,3,video_duration_s,"Increase video duration from 17s to ~75s. The optimal duration bucket for Meta is '>60s', which averages +6.1 klike_score points vs your current range.",6.13
KLK-0066,TikTok,83.3,1,video_duration_s,"Increase video duration from 27s to ~38s. The optimal duration bucket for TikTok is '31-45s', which averages +7.7 klike_score points vs your current range.",7.72
KLK-0067,Meta,53.8,1,has_hook,"Add hook in the first 3 seconds to your creative. On Meta, creatives WITH this attribute score ~17.9 klike_score points higher on average; CTR could improve by ~34%.",17.86
KLK-0067,Meta,53.8,2,has_cta,"Add a clear call-to-action to your creative. On Meta, creatives WITH this attribute score ~7.6 klike_score points higher on average; CTR could improve by ~6%.",7.61
KLK-0067,Meta,53.8,3,has_subtitle,"Add subtitles / captions to your creative. On Meta, creatives WITH this attribute score ~7.5 klike_score points higher on average; CTR could improve by ~13%.",7.48
KLK-0068,TikTok,37.2,1,video_duration_s,"Reduce video duration from 53s to ~38s. The optimal duration bucket for TikTok is '31-45s', which averages +34.7 klike_score points vs your current range.",34.72
KLK-0068,TikTok,37.2,2,text_density,"Switch text density from 'high' to 'medium'. On TikTok, 'medium' text density averages +11.6 klike_score points higher.",11.61
KLK-0068,TikTok,37.2,3,has_cta,"Add a clear call-to-action to your creative. On TikTok, creatives WITH this attribute score ~9.1 klike_score points higher on average; CTR could improve by ~10%.",9.12
KLK-0069,Meta,68.4,1,has_hook,"Add hook in the first 3 seconds to your creative. On Meta, creatives WITH this attribute score ~17.9 klike_score points higher on average; CTR could improve by ~34%.",17.86
KLK-0069,Meta,68.4,2,has_face,"Add a human face to your creative. On Meta, creatives WITH this attribute score ~12.9 klike_score points higher on average; CTR could improve by ~11% — efeito especialmente forte para a faixa etária 25-34.",12.94
KLK-0069,Meta,68.4,3,video_duration_s,"Increase video duration from 13s to ~75s. The optimal duration bucket for Meta is '>60s', which averages +6.1 klike_score points vs your current range.",6.13
KLK-0070,LinkedIn,47.1,1,has_face,"Add a human face to your creative. On LinkedIn, creatives WITH this attribute score ~13.1 klike_score points higher on average; CTR could improve by ~33%.",13.11
KLK-0070,LinkedIn,47.1,2,has_cta,"Add a clear call-to-action to your creative. On LinkedIn, creatives WITH this attribute score ~8.8 klike_score points higher on average; CTR could improve by ~13%.",8.77
KLK-0070,LinkedIn,47.1,3,video_duration_s,"Increase video duration from 25s to ~75s. The optimal duration bucket for LinkedIn is '>60s', which averages +7.4 klike_score points vs your current range.",7.43
KLK-0071,TikTok,65.8,1,has_hook,"Add hook in the first 3 seconds to your creative. On TikTok, creatives WITH this attribute score ~17.3 klike_score points higher on average; CTR could improve by ~40%.",17.29
KLK-0071,TikTok,65.8,2,has_subtitle,"Add subtitles / captions to your creative. On TikTok, creatives WITH this attribute score ~7.9 klike_score points higher on average; CTR could improve by ~11%.",7.95
KLK-0071,TikTok,65.8,3,video_duration_s,"Increase video duration from 27s to ~38s. The optimal duration bucket for TikTok is '31-45s', which averages +7.7 klike_score points vs your current range.",7.72
KLK-0072,Meta,68.2,1,has_hook,"Add hook in the first 3 seconds to your creative. On Meta, creatives WITH this attribute score ~17.9 klike_score points higher on average; CTR could improve by ~34%.",17.86
KLK-0072,Meta,68.2,2,format,"Switch ad format from 'vertical' to 'quadrado'. On Meta, 'quadrado' format averages +3.7 klike_score points higher.",3.65
KLK-0073,Meta,87.2,1,text_density,"Switch text density from 'low' to 'medium'. On Meta, 'medium' text density averages +8.5 klike_score points higher.",8.55
KLK-0073,Meta,87.2,2,has_subtitle,"Add subtitles / captions to your creative. On Meta, creatives WITH this attribute score ~7.5 klike_score points higher on average; CTR could improve by ~13%.",7.48
KLK-0073,Meta,87.2,3,format,"Switch ad format from 'vertical' to 'quadrado'. On Meta, 'quadrado' format averages +3.7 klike_score points higher.",3.65
KLK-0074,TikTok,55.5,1,has_hook,"Add hook in the first 3 seconds to your creative. On TikTok, creatives WITH this attribute score ~17.3 klike_score points higher on average; CTR could improve by ~40%.",17.29
KLK-0074,TikTok,55.5,2,video_duration_s,"Increase video duration from 15s to ~38s. The optimal duration bucket for TikTok is '31-45s', which averages +13.4 klike_score points vs your current range.",13.42
KLK-0074,TikTok,55.5,3,text_density,"Switch text density from 'high' to 'medium'. On TikTok, 'medium' text density averages +11.6 klike_score points higher.",11.61
KLK-0075,TikTok,80.3,1,has_cta,"Add a clear call-to-action to your creative. On TikTok, creatives WITH this attribute score ~9.1 klike_score points higher on average; CTR could improve by ~10%.",9.12
KLK-0075,TikTok,80.3,2,video_duration_s,"Increase video duration from 8s to ~38s. The optimal duration bucket for TikTok is '31-45s', which averages +8.8 klike_score points vs your current range.",8.79
KLK-0075,TikTok,80.3,3,text_density,"Switch text density from 'low' to 'medium'. On TikTok, 'medium' text density averages +3.2 klike_score points higher.",3.22
KLK-0076,TikTok,59.5,1,has_hook,"Add hook in the first 3 seconds to your creative. On TikTok, creatives WITH this attribute score ~17.3 klike_score points higher on average; CTR could improve by ~40%.",17.29
KLK-0076,TikTok,59.5,2,has_face,"Add a human face to your creative. On TikTok, creatives WITH this attribute score ~10.7 klike_score points higher on average; CTR could improve by ~38%.",10.69
KLK-0076,TikTok,59.5,3,video_duration_s,"Increase video duration from 6s to ~38s. The optimal duration bucket for TikTok is '31-45s', which averages +8.8 klike_score points vs your current range.",8.79
KLK-0077,TikTok,35.7,1,has_hook,"Add hook in the first 3 seconds to your creative. On TikTok, creatives WITH this attribute score ~17.3 klike_score points higher on average; CTR could improve by ~40%.",17.29
KLK-0077,TikTok,35.7,2,text_density,"Switch text density from 'high' to 'medium'. On TikTok, 'medium' text density averages +11.6 klike_score points higher.",11.61
KLK-0077,TikTok,35.7,3,has_face,"Add a human face to your creative. On TikTok, creatives WITH this attribute score ~10.7 klike_score points higher on average; CTR could improve by ~38%.",10.69
KLK-0078,Meta,48.0,1,has_face,"Add a human face to your creative. On Meta, creatives WITH this attribute score ~12.9 klike_score points higher on average; CTR could improve by ~11%.",12.94
KLK-0078,Meta,48.0,2,has_cta,"Add a clear call-to-action to your creative. On Meta, creatives WITH this attribute score ~7.6 klike_score points higher on average; CTR could improve by ~6%.",7.61
KLK-0078,Meta,48.0,3,format,"Switch ad format from 'vertical' to 'quadrado'. On Meta, 'quadrado' format averages +3.7 klike_score points higher.",3.65
KLK-0079,Meta,50.2,1,has_hook,"Add hook in the first 3 seconds to your creative. On Meta, creatives WITH this attribute score ~17.9 klike_score points higher on average; CTR could improve by ~34%.",17.86
KLK-0079,Meta,50.2,2,has_face,"Add a human face to your creative. On Meta, creatives WITH this attribute score ~12.9 klike_score points higher on average; CTR could improve by ~11%.",12.94
KLK-0079,Meta,50.2,3,text_density,"Switch text density from 'low' to 'medium'. On Meta, 'medium' text density averages +8.5 klike_score points higher.",8.55
KLK-0080,Meta,75.5,1,has_hook,"Add hook in the first 3 seconds to your creative. On Meta, creatives WITH this attribute score ~17.9 klike_score points higher on average; CTR could improve by ~34%.",17.86
KLK-0080,Meta,75.5,2,video_duration_s,"Increase video duration from 24s to ~75s. The optimal duration bucket for Meta is '>60s', which averages +6.4 klike_score points vs your current range.",6.43
KLK-0081,LinkedIn,84.6,1,video_duration_s,"Increase video duration from 19s to ~75s. The optimal duration bucket for LinkedIn is '>60s', which averages +10.1 klike_score points vs your current range.",10.12
KLK-0081,LinkedIn,84.6,2,has_subtitle,"Add subtitles / captions to your creative. On LinkedIn, creatives WITH this attribute score ~5.2 klike_score points higher on average; CTR could improve by ~-5%.",5.22
KLK-0082,TikTok,34.9,1,has_hook,"Add hook in the first 3 seconds to your creative. On TikTok, creatives WITH this attribute score ~17.3 klike_score points higher on average; CTR could improve by ~40%.",17.29
KLK-0082,TikTok,34.9,2,video_duration_s,"Increase video duration from 24s to ~38s. The optimal duration bucket for TikTok is '31-45s', which averages +7.7 klike_score points vs your current range.",7.72
KLK-0082,TikTok,34.9,3,text_density,"Switch text density from 'low' to 'medium'. On TikTok, 'medium' text density averages +3.2 klike_score points higher.",3.22
KLK-0083,Meta,52.2,1,text_density,"Switch text density from 'high' to 'medium'. On Meta, 'medium' text density averages +18.3 klike_score points higher.",18.35
KLK-0083,Meta,52.2,2,has_hook,"Add hook in the first 3 seconds to your creative. On Meta, creatives WITH this attribute score ~17.9 klike_score points higher on average; CTR could improve by ~34%.",17.86
KLK-0083,Meta,52.2,3,format,"Switch ad format from 'horizontal' to 'quadrado'. On Meta, 'quadrado' format averages +3.6 klike_score points higher.",3.55
KLK-0084,Meta,56.3,1,has_hook,"Add hook in the first 3 seconds to your creative. On Meta, creatives WITH this attribute score ~17.9 klike_score points higher on average; CTR could improve by ~34%.",17.86
KLK-0084,Meta,56.3,2,has_face,"Add a human face to your creative. On Meta, creatives WITH this attribute score ~12.9 klike_score points higher on average; CTR could improve by ~11%.",12.94
KLK-0084,Meta,56.3,3,video_duration_s,"Increase video duration from 35s to ~75s. The optimal duration bucket for Meta is '>60s', which averages +2.8 klike_score points vs your current range.",2.81
KLK-0085,Meta,77.1,1,has_subtitle,"Add subtitles / captions to your creative. On Meta, creatives WITH this attribute score ~7.5 klike_score points higher on average; CTR could improve by ~13%.",7.48
KLK-0085,Meta,77.1,2,video_duration_s,"Increase video duration from 19s to ~75s. The optimal duration bucket for Meta is '>60s', which averages +6.1 klike_score points vs your current range.",6.13
KLK-0086,Meta,74.3,1,has_face,"Add a human face to your creative. On Meta, creatives WITH this attribute score ~12.9 klike_score points higher on average; CTR could improve by ~11%.",12.94
KLK-0086,Meta,74.3,2,video_duration_s,"Increase video duration from 5s to ~75s. The optimal duration bucket for Meta is '>60s', which averages +5.4 klike_score points vs your current range.",5.4
KLK-0086,Meta,74.3,3,format,"Switch ad format from 'horizontal' to 'quadrado'. On Meta, 'quadrado' format averages +3.6 klike_score points higher.",3.55
KLK-0087,TikTok,70.4,1,has_cta,"Add a clear call-to-action to your creative. On TikTok, creatives WITH this attribute score ~9.1 klike_score points higher on average; CTR could improve by ~10%.",9.12
KLK-0087,TikTok,70.4,2,video_duration_s,"Increase video duration from 9s to ~38s. The optimal duration bucket for TikTok is '31-45s', which averages +8.8 klike_score points vs your current range.",8.79
KLK-0088,TikTok,42.6,1,has_hook,"Add hook in the first 3 seconds to your creative. On TikTok, creatives WITH this attribute score ~17.3 klike_score points higher on average; CTR could improve by ~40%.",17.29
KLK-0088,TikTok,42.6,2,video_duration_s,"Increase video duration from 11s to ~38s. The optimal duration bucket for TikTok is '31-45s', which averages +13.4 klike_score points vs your current range.",13.42
KLK-0088,TikTok,42.6,3,has_face,"Add a human face to your creative. On TikTok, creatives WITH this attribute score ~10.7 klike_score points higher on average; CTR could improve by ~38%.",10.69
KLK-0089,LinkedIn,53.5,1,format,"Switch ad format from 'vertical' to 'horizontal'. On LinkedIn, 'horizontal' format averages +13.4 klike_score points higher.",13.39
KLK-0089,LinkedIn,53.5,2,has_face,"Add a human face to your creative. On LinkedIn, creatives WITH this attribute score ~13.1 klike_score points higher on average; CTR could improve by ~33%.",13.11
KLK-0089,LinkedIn,53.5,3,video_duration_s,"Increase video duration from 16s to ~75s. The optimal duration bucket for LinkedIn is '>60s', which averages +10.1 klike_score points vs your current range.",10.12
KLK-0090,Meta,45.1,1,has_hook,"Add hook in the first 3 seconds to your creative. On Meta, creatives WITH this attribute score ~17.9 klike_score points higher on average; CTR could improve by ~34%.",17.86
KLK-0090,Meta,45.1,2,has_face,"Add a human face to your creative. On Meta, creatives WITH this attribute score ~12.9 klike_score points higher on average; CTR could improve by ~11%.",12.94
KLK-0090,Meta,45.1,3,has_subtitle,"Add subtitles / captions to your creative. On Meta, creatives WITH this attribute score ~7.5 klike_score points higher on average; CTR could improve by ~13%.",7.48
KLK-0091,Meta,68.5,1,has_face,"Add a human face to your creative. On Meta, creatives WITH this attribute score ~12.9 klike_score points higher on average; CTR could improve by ~11%.",12.94
KLK-0091,Meta,68.5,2,has_subtitle,"Add subtitles / captions to your creative. On Meta, creatives WITH this attribute score ~7.5 klike_score points higher on average; CTR could improve by ~13%.",7.48
KLK-0091,Meta,68.5,3,video_duration_s,"Increase video duration from 43s to ~75s. The optimal duration bucket for Meta is '>60s', which averages +2.8 klike_score points vs your current range.",2.81
KLK-0092,TikTok,49.9,1,has_hook,"Add hook in the first 3 seconds to your creative. On TikTok, creatives WITH this attribute score ~17.3 klike_score points higher on average; CTR could improve by ~40%.",17.29
KLK-0092,TikTok,49.9,2,video_duration_s,"Increase video duration from 5s to ~38s. The optimal duration bucket for TikTok is '31-45s', which averages +8.8 klike_score points vs your current range.",8.79
KLK-0092,TikTok,49.9,3,text_density,"Switch text density from 'low' to 'medium'. On TikTok, 'medium' text density averages +3.2 klike_score points higher.",3.22
KLK-0093,TikTok,78.4,1,has_face,"Add a human face to your creative. On TikTok, creatives WITH this attribute score ~10.7 klike_score points higher on average; CTR could improve by ~38%.",10.69
KLK-0094,TikTok,64.8,1,video_duration_s,"Increase video duration from 19s to ~38s. The optimal duration bucket for TikTok is '31-45s', which averages +13.4 klike_score points vs your current range.",13.42
KLK-0094,TikTok,64.8,2,text_density,"Switch text density from 'high' to 'medium'. On TikTok, 'medium' text density averages +11.6 klike_score points higher.",11.61
KLK-0094,TikTok,64.8,3,has_face,"Add a human face to your creative. On TikTok, creatives WITH this attribute score ~10.7 klike_score points higher on average; CTR could improve by ~38%.",10.69
KLK-0095,TikTok,72.8,1,video_duration_s,"Increase video duration from 14s to ~38s. The optimal duration bucket for TikTok is '31-45s', which averages +13.4 klike_score points vs your current range.",13.42
KLK-0095,TikTok,72.8,2,has_face,"Add a human face to your creative. On TikTok, creatives WITH this attribute score ~10.7 klike_score points higher on average; CTR could improve by ~38% — efeito especialmente forte para a faixa etária 25-34.",10.69
KLK-0095,TikTok,72.8,3,has_cta,"Add a clear call-to-action to your creative. On TikTok, creatives WITH this attribute score ~9.1 klike_score points higher on average; CTR could improve by ~10%.",9.12
KLK-0096,Meta,75.3,1,has_face,"Add a human face to your creative. On Meta, creatives WITH this attribute score ~12.9 klike_score points higher on average; CTR could improve by ~11% — efeito especialmente forte para a faixa etária 25-34.",12.94
KLK-0096,Meta,75.3,2,text_density,"Switch text density from 'low' to 'medium'. On Meta, 'medium' text density averages +8.5 klike_score points higher.",8.55
KLK-0096,Meta,75.3,3,video_duration_s,"Increase video duration from 11s to ~75s. The optimal duration bucket for Meta is '>60s', which averages +6.1 klike_score points vs your current range.",6.13
KLK-0097,TikTok,48.7,1,has_hook,"Add hook in the first 3 seconds to your creative. On TikTok, creatives WITH this attribute score ~17.3 klike_score points higher on average; CTR could improve by ~40%.",17.29
KLK-0097,TikTok,48.7,2,has_face,"Add a human face to your creative. On TikTok, creatives WITH this attribute score ~10.7 klike_score points higher on average; CTR could improve by ~38% — efeito especialmente forte para a faixa etária 25-34.",10.69
KLK-0097,TikTok,48.7,3,has_cta,"Add a clear call-to-action to your creative. On TikTok, creatives WITH this attribute score ~9.1 klike_score points higher on average; CTR could improve by ~10%.",9.12
KLK-0098,Meta,47.4,1,has_hook,"Add hook in the first 3 seconds to your creative. On Meta, creatives WITH this attribute score ~17.9 klike_score points higher on average; CTR could improve by ~34%.",17.86
KLK-0098,Meta,47.4,2,has_face,"Add a human face to your creative. On Meta, creatives WITH this attribute score ~12.9 klike_score points higher on average; CTR could improve by ~11%.",12.94
KLK-0098,Meta,47.4,3,has_subtitle,"Add subtitles / captions to your creative. On Meta, creatives WITH this attribute score ~7.5 klike_score points higher on average; CTR could improve by ~13%.",7.48
KLK-0099,Meta,64.0,1,has_hook,"Add hook in the first 3 seconds to your creative. On Meta, creatives WITH this attribute score ~17.9 klike_score points higher on average; CTR could improve by ~34%.",17.86
KLK-0099,Meta,64.0,2,video_duration_s,"Increase video duration from 46s to ~75s. The optimal duration bucket for Meta is '>60s', which averages +9.6 klike_score points vs your current range.",9.64
KLK-0099,Meta,64.0,3,text_density,"Switch text density from 'low' to 'medium'. On Meta, 'medium' text density averages +8.5 klike_score points higher.",8.55
KLK-0100,Meta,57.4,1,has_hook,"Add hook in the first 3 seconds to your creative. On Meta, creatives WITH this attribute score ~17.9 klike_score points higher on average; CTR could improve by ~34%.",17.86
KLK-0100,Meta,57.4,2,has_face,"Add a human face to your creative. On Meta, creatives WITH this attribute score ~12.9 klike_score points higher on average; CTR could improve by ~11%.",12.94
KLK-0100,Meta,57.4,3,text_density,"Switch text density from 'low' to 'medium'. On Meta, 'medium' text density averages +8.5 klike_score points higher.",8.55
KLK-0101,Meta,46.0,1,has_hook,"Add hook in the first 3 seconds to your creative. On Meta, creatives WITH this attribute score ~17.9 klike_score points higher on average; CTR could improve by ~34%.",17.86
KLK-0101,Meta,46.0,2,has_cta,"Add a clear call-to-action to your creative. On Meta, creatives WITH this attribute score ~7.6 klike_score points higher on average; CTR could improve by ~6%.",7.61
KLK-0101,Meta,46.0,3,has_subtitle,"Add subtitles / captions to your creative. On Meta, creatives WITH this attribute score ~7.5 klike_score points higher on average; CTR could improve by ~13%.",7.48
KLK-0102,TikTok,73.1,1,has_hook,"Add hook in the first 3 seconds to your creative. On TikTok, creatives WITH this attribute score ~17.3 klike_score points higher on average; CTR could improve by ~40%.",17.29
KLK-0102,TikTok,73.1,2,video_duration_s,"Increase video duration from 9s to ~38s. The optimal duration bucket for TikTok is '31-45s', which averages +8.8 klike_score points vs your current range.",8.79
KLK-0103,Meta,62.4,1,has_hook,"Add hook in the first 3 seconds to your creative. On Meta, creatives WITH this attribute score ~17.9 klike_score points higher on average; CTR could improve by ~34%.",17.86
KLK-0103,Meta,62.4,2,text_density,"Switch text density from 'low' to 'medium'. On Meta, 'medium' text density averages +8.5 klike_score points higher.",8.55
KLK-0103,Meta,62.4,3,video_duration_s,"Increase video duration from 21s to ~75s. The optimal duration bucket for Meta is '>60s', which averages +6.4 klike_score points vs your current range.",6.43
KLK-0104,TikTok,63.0,1,has_hook,"Add hook in the first 3 seconds to your creative. On TikTok, creatives WITH this attribute score ~17.3 klike_score points higher on average; CTR could improve by ~40%.",17.29
KLK-0104,TikTok,63.0,2,format,"Switch ad format from 'quadrado' to 'vertical'. On TikTok, 'vertical' format averages +9.1 klike_score points higher.",9.08
KLK-0104,TikTok,63.0,3,video_duration_s,"Increase video duration from 10s to ~38s. The optimal duration bucket for TikTok is '31-45s', which averages +8.8 klike_score points vs your current range.",8.79
KLK-0105,LinkedIn,40.6,1,video_duration_s,"Increase video duration from 10s to ~75s. The optimal duration bucket for LinkedIn is '>60s', which averages +16.9 klike_score points vs your current range.",16.87
KLK-0105,LinkedIn,40.6,2,text_density,"Switch text density from 'high' to 'medium'. On LinkedIn, 'medium' text density averages +15.0 klike_score points higher.",15.03
KLK-0105,LinkedIn,40.6,3,has_cta,"Add a clear call-to-action to your creative. On LinkedIn, creatives WITH this attribute score ~8.8 klike_score points higher on average; CTR could improve by ~13%.",8.77
KLK-0106,Meta,56.3,1,text_density,"Switch text density from 'high' to 'medium'. On Meta, 'medium' text density averages +18.3 klike_score points higher.",18.35
KLK-0106,Meta,56.3,2,has_hook,"Add hook in the first 3 seconds to your creative. On Meta, creatives WITH this attribute score ~17.9 klike_score points higher on average; CTR could improve by ~34%.",17.86
KLK-0106,Meta,56.3,3,video_duration_s,"Increase video duration from 11s to ~75s. The optimal duration bucket for Meta is '>60s', which averages +6.1 klike_score points vs your current range.",6.13
KLK-0107,Meta,74.9,1,text_density,"Switch text density from 'high' to 'medium'. On Meta, 'medium' text density averages +18.3 klike_score points higher.",18.35
KLK-0107,Meta,74.9,2,video_duration_s,"Increase video duration from 53s to ~75s. The optimal duration bucket for Meta is '>60s', which averages +9.6 klike_score points vs your current range.",9.64
KLK-0107,Meta,74.9,3,format,"Switch ad format from 'vertical' to 'quadrado'. On Meta, 'quadrado' format averages +3.7 klike_score points higher.",3.65
KLK-0108,TikTok,48.4,1,has_hook,"Add hook in the first 3 seconds to your creative. On TikTok, creatives WITH this attribute score ~17.3 klike_score points higher on average; CTR could improve by ~40%.",17.29
KLK-0108,TikTok,48.4,2,format,"Switch ad format from 'quadrado' to 'vertical'. On TikTok, 'vertical' format averages +9.1 klike_score points higher.",9.08
KLK-0108,TikTok,48.4,3,video_duration_s,"Increase video duration from 9s to ~38s. The optimal duration bucket for TikTok is '31-45s', which averages +8.8 klike_score points vs your current range.",8.79
KLK-0109,Meta,53.1,1,has_hook,"Add hook in the first 3 seconds to your creative. On Meta, creatives WITH this attribute score ~17.9 klike_score points higher on average; CTR could improve by ~34%.",17.86
KLK-0109,Meta,53.1,2,text_density,"Switch text density from 'low' to 'medium'. On Meta, 'medium' text density averages +8.5 klike_score points higher.",8.55
KLK-0109,Meta,53.1,3,video_duration_s,"Increase video duration from 15s to ~75s. The optimal duration bucket for Meta is '>60s', which averages +6.1 klike_score points vs your current range.",6.13
KLK-0110,Meta,60.0,1,has_face,"Add a human face to your creative. On Meta, creatives WITH this attribute score ~12.9 klike_score points higher on average; CTR could improve by ~11%.",12.94
KLK-0110,Meta,60.0,2,text_density,"Switch text density from 'low' to 'medium'. On Meta, 'medium' text density averages +8.5 klike_score points higher.",8.55
KLK-0110,Meta,60.0,3,video_duration_s,"Increase video duration from 8s to ~75s. The optimal duration bucket for Meta is '>60s', which averages +5.4 klike_score points vs your current range.",5.4
KLK-0111,Meta,73.9,1,has_face,"Add a human face to your creative. On Meta, creatives WITH this attribute score ~12.9 klike_score points higher on average; CTR could improve by ~11% — efeito especialmente forte para a faixa etária 25-34.",12.94
KLK-0111,Meta,73.9,2,text_density,"Switch text density from 'low' to 'medium'. On Meta, 'medium' text density averages +8.5 klike_score points higher.",8.55
KLK-0111,Meta,73.9,3,video_duration_s,"Increase video duration from 23s to ~75s. The optimal duration bucket for Meta is '>60s', which averages +6.4 klike_score points vs your current range.",6.43
KLK-0112,Meta,37.9,1,has_hook,"Add hook in the first 3 seconds to your creative. On Meta, creatives WITH this attribute score ~17.9 klike_score points higher on average; CTR could improve by ~34%.",17.86
KLK-0112,Meta,37.9,2,has_face,"Add a human face to your creative. On Meta, creatives WITH this attribute score ~12.9 klike_score points higher on average; CTR could improve by ~11%.",12.94
KLK-0112,Meta,37.9,3,text_density,"Switch text density from 'low' to 'medium'. On Meta, 'medium' text density averages +8.5 klike_score points higher.",8.55
KLK-0113,LinkedIn,37.7,1,has_hook,"Add hook in the first 3 seconds to your creative. On LinkedIn, creatives WITH this attribute score ~15.9 klike_score points higher on average; CTR could improve by ~52%.",15.95
KLK-0113,LinkedIn,37.7,2,has_face,"Add a human face to your creative. On LinkedIn, creatives WITH this attribute score ~13.1 klike_score points higher on average; CTR could improve by ~33%.",13.11
KLK-0113,LinkedIn,37.7,3,video_duration_s,"Increase video duration from 17s to ~75s. The optimal duration bucket for LinkedIn is '>60s', which averages +10.1 klike_score points vs your current range.",10.12
KLK-0114,TikTok,72.0,1,has_face,"Add a human face to your creative. On TikTok, creatives WITH this attribute score ~10.7 klike_score points higher on average; CTR could improve by ~38% — efeito especialmente forte para a faixa etária 25-34.",10.69
KLK-0114,TikTok,72.0,2,has_cta,"Add a clear call-to-action to your creative. On TikTok, creatives WITH this attribute score ~9.1 klike_score points higher on average; CTR could improve by ~10%.",9.12
KLK-0114,TikTok,72.0,3,video_duration_s,"Increase video duration from 6s to ~38s. The optimal duration bucket for TikTok is '31-45s', which averages +8.8 klike_score points vs your current range.",8.79
KLK-0115,TikTok,61.8,1,has_hook,"Add hook in the first 3 seconds to your creative. On TikTok, creatives WITH this attribute score ~17.3 klike_score points higher on average; CTR could improve by ~40%.",17.29
KLK-0115,TikTok,61.8,2,has_subtitle,"Add subtitles / captions to your creative. On TikTok, creatives WITH this attribute score ~7.9 klike_score points higher on average; CTR could improve by ~11%.",7.95
KLK-0115,TikTok,61.8,3,video_duration_s,"Increase video duration from 25s to ~38s. The optimal duration bucket for TikTok is '31-45s', which averages +7.7 klike_score points vs your current range.",7.72
KLK-0116,LinkedIn,10.4,1,has_hook,"Add hook in the first 3 seconds to your creative. On LinkedIn, creatives WITH this attribute score ~15.9 klike_score points higher on average; CTR could improve by ~52%.",15.95
KLK-0116,LinkedIn,10.4,2,text_density,"Switch text density from 'high' to 'medium'. On LinkedIn, 'medium' text density averages +15.0 klike_score points higher.",15.03
KLK-0116,LinkedIn,10.4,3,format,"Switch ad format from 'vertical' to 'horizontal'. On LinkedIn, 'horizontal' format averages +13.4 klike_score points higher.",13.39
KLK-0117,TikTok,70.8,1,video_duration_s,"Increase video duration from 16s to ~38s. The optimal duration bucket for TikTok is '31-45s', which averages +13.4 klike_score points vs your current range.",13.42
KLK-0117,TikTok,70.8,2,has_face,"Add a human face to your creative. On TikTok, creatives WITH this attribute score ~10.7 klike_score points higher on average; CTR could improve by ~38%.",10.69
KLK-0117,TikTok,70.8,3,has_cta,"Add a clear call-to-action to your creative. On TikTok, creatives WITH this attribute score ~9.1 klike_score points higher on average; CTR could improve by ~10%.",9.12
KLK-0118,Meta,62.4,1,has_hook,"Add hook in the first 3 seconds to your creative. On Meta, creatives WITH this attribute score ~17.9 klike_score points higher on average; CTR could improve by ~34%.",17.86
KLK-0118,Meta,62.4,2,text_density,"Switch text density from 'low' to 'medium'. On Meta, 'medium' text density averages +8.5 klike_score points higher.",8.55
KLK-0118,Meta,62.4,3,has_subtitle,"Add subtitles / captions to your creative. On Meta, creatives WITH this attribute score ~7.5 klike_score points higher on average; CTR could improve by ~13%.",7.48
KLK-0119,LinkedIn,55.6,1,has_hook,"Add hook in the first 3 seconds to your creative. On LinkedIn, creatives WITH this attribute score ~15.9 klike_score points higher on average; CTR could improve by ~52%.",15.95
KLK-0119,LinkedIn,55.6,2,video_duration_s,"Increase video duration from 35s to ~75s. The optimal duration bucket for LinkedIn is '>60s', which averages +11.8 klike_score points vs your current range.",11.84
KLK-0119,LinkedIn,55.6,3,text_density,"Switch text density from 'low' to 'medium'. On LinkedIn, 'medium' text density averages +5.9 klike_score points higher.",5.9
KLK-0120,TikTok,63.8,1,has_face,"Add a human face to your creative. On TikTok, creatives WITH this attribute score ~10.7 klike_score points higher on average; CTR could improve by ~38% — efeito especialmente forte para a faixa etária 25-34.",10.69
KLK-0121,TikTok,55.1,1,has_hook,"Add hook in the first 3 seconds to your creative. On TikTok, creatives WITH this attribute score ~17.3 klike_score points higher on average; CTR could improve by ~40%.",17.29
KLK-0121,TikTok,55.1,2,has_cta,"Add a clear call-to-action to your creative. On TikTok, creatives WITH this attribute score ~9.1 klike_score points higher on average; CTR could improve by ~10%.",9.12
KLK-0121,TikTok,55.1,3,video_duration_s,"Increase video duration from 21s to ~38s. The optimal duration bucket for TikTok is '31-45s', which averages +7.7 klike_score points vs your current range.",7.72
KLK-0122,LinkedIn,33.9,1,has_hook,"Add hook in the first 3 seconds to your creative. On LinkedIn, creatives WITH this attribute score ~15.9 klike_score points higher on average; CTR could improve by ~52%.",15.95
KLK-0122,LinkedIn,33.9,2,has_face,"Add a human face to your creative. On LinkedIn, creatives WITH this attribute score ~13.1 klike_score points higher on average; CTR could improve by ~33%.",13.11
KLK-0122,LinkedIn,33.9,3,video_duration_s,"Increase video duration from 23s to ~75s. The optimal duration bucket for LinkedIn is '>60s', which averages +7.4 klike_score points vs your current range.",7.43
KLK-0123,Meta,81.5,1,format,"Switch ad format from 'vertical' to 'quadrado'. On Meta, 'quadrado' format averages +3.7 klike_score points higher.",3.65
KLK-0123,Meta,81.5,2,video_duration_s,"Increase video duration from 43s to ~75s. The optimal duration bucket for Meta is '>60s', which averages +2.8 klike_score points vs your current range.",2.81
KLK-0124,Meta,63.7,1,has_face,"Add a human face to your creative. On Meta, creatives WITH this attribute score ~12.9 klike_score points higher on average; CTR could improve by ~11%.",12.94
KLK-0124,Meta,63.7,2,has_subtitle,"Add subtitles / captions to your creative. On Meta, creatives WITH this attribute score ~7.5 klike_score points higher on average; CTR could improve by ~13%.",7.48
KLK-0124,Meta,63.7,3,format,"Switch ad format from 'horizontal' to 'quadrado'. On Meta, 'quadrado' format averages +3.6 klike_score points higher.",3.55
KLK-0125,Meta,72.4,1,has_cta,"Add a clear call-to-action to your creative. On Meta, creatives WITH this attribute score ~7.6 klike_score points higher on average; CTR could improve by ~6%.",7.61
KLK-0125,Meta,72.4,2,video_duration_s,"Increase video duration from 14s to ~75s. The optimal duration bucket for Meta is '>60s', which averages +6.1 klike_score points vs your current range.",6.13
KLK-0125,Meta,72.4,3,format,"Switch ad format from 'horizontal' to 'quadrado'. On Meta, 'quadrado' format averages +3.6 klike_score points higher.",3.55
KLK-0126,Meta,43.4,1,text_density,"Switch text density from 'high' to 'medium'. On Meta, 'medium' text density averages +18.3 klike_score points higher.",18.35
KLK-0126,Meta,43.4,2,has_hook,"Add hook in the first 3 seconds to your creative. On Meta, creatives WITH this attribute score ~17.9 klike_score points higher on average; CTR could improve by ~34%.",17.86
KLK-0126,Meta,43.4,3,has_cta,"Add a clear call-to-action to your creative. On Meta, creatives WITH this attribute score ~7.6 klike_score points higher on average; CTR could improve by ~6%.",7.61
KLK-0127,TikTok,41.3,1,has_hook,"Add hook in the first 3 seconds to your creative. On TikTok, creatives WITH this attribute score ~17.3 klike_score points higher on average; CTR could improve by ~40%.",17.29
KLK-0127,TikTok,41.3,2,video_duration_s,"Increase video duration from 13s to ~38s. The optimal duration bucket for TikTok is '31-45s', which averages +13.4 klike_score points vs your current range.",13.42
KLK-0127,TikTok,41.3,3,text_density,"Switch text density from 'high' to 'medium'. On TikTok, 'medium' text density averages +11.6 klike_score points higher.",11.61
KLK-0128,LinkedIn,42.7,1,has_hook,"Add hook in the first 3 seconds to your creative. On LinkedIn, creatives WITH this attribute score ~15.9 klike_score points higher on average; CTR could improve by ~52%.",15.95
KLK-0128,LinkedIn,42.7,2,has_face,"Add a human face to your creative. On LinkedIn, creatives WITH this attribute score ~13.1 klike_score points higher on average; CTR could improve by ~33%.",13.11
KLK-0128,LinkedIn,42.7,3,video_duration_s,"Increase video duration from 19s to ~75s. The optimal duration bucket for LinkedIn is '>60s', which averages +10.1 klike_score points vs your current range.",10.12
KLK-0129,Meta,51.8,1,has_hook,"Add hook in the first 3 seconds to your creative. On Meta, creatives WITH this attribute score ~17.9 klike_score points higher on average; CTR could improve by ~34%.",17.86
KLK-0129,Meta,51.8,2,has_face,"Add a human face to your creative. On Meta, creatives WITH this attribute score ~12.9 klike_score points higher on average; CTR could improve by ~11%.",12.94
KLK-0129,Meta,51.8,3,text_density,"Switch text density from 'low' to 'medium'. On Meta, 'medium' text density averages +8.5 klike_score points higher.",8.55
KLK-0130,TikTok,57.1,1,has_hook,"Add hook in the first 3 seconds to your creative. On TikTok, creatives WITH this attribute score ~17.3 klike_score points higher on average; CTR could improve by ~40%.",17.29
KLK-0130,TikTok,57.1,2,has_face,"Add a human face to your creative. On TikTok, creatives WITH this attribute score ~10.7 klike_score points higher on average; CTR could improve by ~38%.",10.69
KLK-0130,TikTok,57.1,3,video_duration_s,"Increase video duration from 9s to ~38s. The optimal duration bucket for TikTok is '31-45s', which averages +8.8 klike_score points vs your current range.",8.79
KLK-0131,Meta,68.6,1,video_duration_s,"Increase video duration from 46s to ~75s. The optimal duration bucket for Meta is '>60s', which averages +9.6 klike_score points vs your current range.",9.64
KLK-0131,Meta,68.6,2,text_density,"Switch text density from 'low' to 'medium'. On Meta, 'medium' text density averages +8.5 klike_score points higher.",8.55
KLK-0131,Meta,68.6,3,format,"Switch ad format from 'horizontal' to 'quadrado'. On Meta, 'quadrado' format averages +3.6 klike_score points higher.",3.55
KLK-0132,Meta,75.5,1,has_face,"Add a human face to your creative. On Meta, creatives WITH this attribute score ~12.9 klike_score points higher on average; CTR could improve by ~11% — efeito especialmente forte para a faixa etária 25-34.",12.94
KLK-0132,Meta,75.5,2,video_duration_s,"Increase video duration from 26s to ~75s. The optimal duration bucket for Meta is '>60s', which averages +6.4 klike_score points vs your current range.",6.43
KLK-0132,Meta,75.5,3,format,"Switch ad format from 'vertical' to 'quadrado'. On Meta, 'quadrado' format averages +3.7 klike_score points higher.",3.65
KLK-0133,Meta,81.4,1,video_duration_s,"Increase video duration from 12s to ~75s. The optimal duration bucket for Meta is '>60s', which averages +6.1 klike_score points vs your current range.",6.13
KLK-0134,Meta,88.1,1,video_duration_s,"Increase video duration from 5s to ~75s. The optimal duration bucket for Meta is '>60s', which averages +5.4 klike_score points vs your current range.",5.4
KLK-0135,LinkedIn,37.1,1,has_hook,"Add hook in the first 3 seconds to your creative. On LinkedIn, creatives WITH this attribute score ~15.9 klike_score points higher on average; CTR could improve by ~52%.",15.95
KLK-0135,LinkedIn,37.1,2,video_duration_s,"Increase video duration from 11s to ~75s. The optimal duration bucket for LinkedIn is '>60s', which averages +10.1 klike_score points vs your current range.",10.12
KLK-0135,LinkedIn,37.1,3,text_density,"Switch text density from 'low' to 'medium'. On LinkedIn, 'medium' text density averages +5.9 klike_score points higher.",5.9
KLK-0136,Meta,48.5,1,has_hook,"Add hook in the first 3 seconds to your creative. On Meta, creatives WITH this attribute score ~17.9 klike_score points higher on average; CTR could improve by ~34%.",17.86
KLK-0136,Meta,48.5,2,has_face,"Add a human face to your creative. On Meta, creatives WITH this attribute score ~12.9 klike_score points higher on average; CTR could improve by ~11%.",12.94
KLK-0136,Meta,48.5,3,has_cta,"Add a clear call-to-action to your creative. On Meta, creatives WITH this attribute score ~7.6 klike_score points higher on average; CTR could improve by ~6%.",7.61
KLK-0137,TikTok,46.9,1,text_density,"Switch text density from 'high' to 'medium'. On TikTok, 'medium' text density averages +11.6 klike_score points higher.",11.61
KLK-0137,TikTok,46.9,2,video_duration_s,"Increase video duration from 5s to ~38s. The optimal duration bucket for TikTok is '31-45s', which averages +8.8 klike_score points vs your current range.",8.79
KLK-0137,TikTok,46.9,3,has_subtitle,"Add subtitles / captions to your creative. On TikTok, creatives WITH this attribute score ~7.9 klike_score points higher on average; CTR could improve by ~11%.",7.95
KLK-0138,TikTok,48.9,1,has_hook,"Add hook in the first 3 seconds to your creative. On TikTok, creatives WITH this attribute score ~17.3 klike_score points higher on average; CTR could improve by ~40%.",17.29
KLK-0138,TikTok,48.9,2,video_duration_s,"Increase video duration from 14s to ~38s. The optimal duration bucket for TikTok is '31-45s', which averages +13.4 klike_score points vs your current range.",13.42
KLK-0138,TikTok,48.9,3,has_cta,"Add a clear call-to-action to your creative. On TikTok, creatives WITH this attribute score ~9.1 klike_score points higher on average; CTR could improve by ~10%.",9.12
KLK-0139,Meta,49.7,1,has_hook,"Add hook in the first 3 seconds to your creative. On Meta, creatives WITH this attribute score ~17.9 klike_score points higher on average; CTR could improve by ~34%.",17.86
KLK-0139,Meta,49.7,2,has_face,"Add a human face to your creative. On Meta, creatives WITH this attribute score ~12.9 klike_score points higher on average; CTR could improve by ~11%.",12.94
KLK-0139,Meta,49.7,3,has_subtitle,"Add subtitles / captions to your creative. On Meta, creatives WITH this attribute score ~7.5 klike_score points higher on average; CTR could improve by ~13%.",7.48
KLK-0140,LinkedIn,50.8,1,text_density,"Switch text density from 'high' to 'medium'. On LinkedIn, 'medium' text density averages +15.0 klike_score points higher.",15.03
KLK-0140,LinkedIn,50.8,2,has_face,"Add a human face to your creative. On LinkedIn, creatives WITH this attribute score ~13.1 klike_score points higher on average; CTR could improve by ~33% — efeito especialmente forte para a faixa etária 25-34.",13.11
KLK-0140,LinkedIn,50.8,3,video_duration_s,"Increase video duration from 26s to ~75s. The optimal duration bucket for LinkedIn is '>60s', which averages +7.4 klike_score points vs your current range.",7.43
KLK-0141,LinkedIn,61.6,1,text_density,"Switch text density from 'high' to 'medium'. On LinkedIn, 'medium' text density averages +15.0 klike_score points higher.",15.03
KLK-0141,LinkedIn,61.6,2,video_duration_s,"Increase video duration from 25s to ~75s. The optimal duration bucket for LinkedIn is '>60s', which averages +7.4 klike_score points vs your current range.",7.43
KLK-0142,Meta,82.7,1,video_duration_s,"Increase video duration from 18s to ~75s. The optimal duration bucket for Meta is '>60s', which averages +6.1 klike_score points vs your current range.",6.13
KLK-0142,Meta,82.7,2,format,"Switch ad format from 'vertical' to 'quadrado'. On Meta, 'quadrado' format averages +3.7 klike_score points higher.",3.65
KLK-0143,Meta,67.8,1,has_subtitle,"Add subtitles / captions to your creative. On Meta, creatives WITH this attribute score ~7.5 klike_score points higher on average; CTR could improve by ~13%.",7.48
KLK-0143,Meta,67.8,2,video_duration_s,"Increase video duration from 13s to ~75s. The optimal duration bucket for Meta is '>60s', which averages +6.1 klike_score points vs your current range.",6.13
KLK-0143,Meta,67.8,3,format,"Switch ad format from 'horizontal' to 'quadrado'. On Meta, 'quadrado' format averages +3.6 klike_score points higher.",3.55
KLK-0144,Meta,66.5,1,has_hook,"Add hook in the first 3 seconds to your creative. On Meta, creatives WITH this attribute score ~17.9 klike_score points higher on average; CTR could improve by ~34%.",17.86
KLK-0144,Meta,66.5,2,text_density,"Switch text density from 'low' to 'medium'. On Meta, 'medium' text density averages +8.5 klike_score points higher.",8.55
KLK-0144,Meta,66.5,3,has_subtitle,"Add subtitles / captions to your creative. On Meta, creatives WITH this attribute score ~7.5 klike_score points higher on average; CTR could improve by ~13%.",7.48
KLK-0145,Meta,58.5,1,has_face,"Add a human face to your creative. On Meta, creatives WITH this attribute score ~12.9 klike_score points higher on average; CTR could improve by ~11%.",12.94
KLK-0145,Meta,58.5,2,text_density,"Switch text density from 'low' to 'medium'. On Meta, 'medium' text density averages +8.5 klike_score points higher.",8.55
KLK-0145,Meta,58.5,3,has_subtitle,"Add subtitles / captions to your creative. On Meta, creatives WITH this attribute score ~7.5 klike_score points higher on average; CTR could improve by ~13%.",7.48
KLK-0146,Meta,83.0,1,video_duration_s,"Increase video duration from 22s to ~75s. The optimal duration bucket for Meta is '>60s', which averages +6.4 klike_score points vs your current range.",6.43
KLK-0146,Meta,83.0,2,format,"Switch ad format from 'horizontal' to 'quadrado'. On Meta, 'quadrado' format averages +3.6 klike_score points higher.",3.55
KLK-0147,TikTok,61.0,1,video_duration_s,"Increase video duration from 18s to ~38s. The optimal duration bucket for TikTok is '31-45s', which averages +13.4 klike_score points vs your current range.",13.42
KLK-0147,TikTok,61.0,2,has_face,"Add a human face to your creative. On TikTok, creatives WITH this attribute score ~10.7 klike_score points higher on average; CTR could improve by ~38%.",10.69
KLK-0147,TikTok,61.0,3,has_subtitle,"Add subtitles / captions to your creative. On TikTok, creatives WITH this attribute score ~7.9 klike_score points higher on average; CTR could improve by ~11%.",7.95
KLK-0148,TikTok,26.6,1,has_hook,"Add hook in the first 3 seconds to your creative. On TikTok, creatives WITH this attribute score ~17.3 klike_score points higher on average; CTR could improve by ~40%.",17.29
KLK-0148,TikTok,26.6,2,text_density,"Switch text density from 'high' to 'medium'. On TikTok, 'medium' text density averages +11.6 klike_score points higher.",11.61
KLK-0148,TikTok,26.6,3,has_face,"Add a human face to your creative. On TikTok, creatives WITH this attribute score ~10.7 klike_score points higher on average; CTR could improve by ~38%.",10.69
KLK-0149,Meta,48.4,1,text_density,"Switch text density from 'low' to 'medium'. On Meta, 'medium' text density averages +8.5 klike_score points higher.",8.55
KLK-0149,Meta,48.4,2,has_cta,"Add a clear call-to-action to your creative. On Meta, creatives WITH this attribute score ~7.6 klike_score points higher on average; CTR could improve by ~6%.",7.61
KLK-0149,Meta,48.4,3,has_subtitle,"Add subtitles / captions to your creative. On Meta, creatives WITH this attribute score ~7.5 klike_score points higher on average; CTR could improve by ~13%.",7.48
KLK-0150,Meta,49.3,1,text_density,"Switch text density from 'high' to 'medium'. On Meta, 'medium' text density averages +18.3 klike_score points higher.",18.35
KLK-0150,Meta,49.3,2,has_face,"Add a human face to your creative. On Meta, creatives WITH this attribute score ~12.9 klike_score points higher on average; CTR could improve by ~11%.",12.94
KLK-0150,Meta,49.3,3,has_cta,"Add a clear call-to-action to your creative. On Meta, creatives WITH this attribute score ~7.6 klike_score points higher on average; CTR could improve by ~6%.",7.61
KLK-0151,LinkedIn,83.8,1,video_duration_s,"Increase video duration from 27s to ~75s. The optimal duration bucket for LinkedIn is '>60s', which averages +7.4 klike_score points vs your current range.",7.43
KLK-0151,LinkedIn,83.8,2,format,"Switch ad format from 'quadrado' to 'horizontal'. On LinkedIn, 'horizontal' format averages +2.3 klike_score points higher.",2.3
KLK-0152,Meta,68.4,1,text_density,"Switch text density from 'low' to 'medium'. On Meta, 'medium' text density averages +8.5 klike_score points higher.",8.55
KLK-0152,Meta,68.4,2,has_cta,"Add a clear call-to-action to your creative. On Meta, creatives WITH this attribute score ~7.6 klike_score points higher on average; CTR could improve by ~6%.",7.61
KLK-0152,Meta,68.4,3,has_subtitle,"Add subtitles / captions to your creative. On Meta, creatives WITH this attribute score ~7.5 klike_score points higher on average; CTR could improve by ~13%.",7.48
KLK-0153,Meta,66.4,1,text_density,"Switch text density from 'high' to 'medium'. On Meta, 'medium' text density averages +18.3 klike_score points higher.",18.35
KLK-0153,Meta,66.4,2,has_cta,"Add a clear call-to-action to your creative. On Meta, creatives WITH this attribute score ~7.6 klike_score points higher on average; CTR could improve by ~6%.",7.61
KLK-0153,Meta,66.4,3,video_duration_s,"Increase video duration from 13s to ~75s. The optimal duration bucket for Meta is '>60s', which averages +6.1 klike_score points vs your current range.",6.13
KLK-0154,Meta,47.8,1,has_hook,"Add hook in the first 3 seconds to your creative. On Meta, creatives WITH this attribute score ~17.9 klike_score points higher on average; CTR could improve by ~34%.",17.86
KLK-0154,Meta,47.8,2,text_density,"Switch text density from 'low' to 'medium'. On Meta, 'medium' text density averages +8.5 klike_score points higher.",8.55
KLK-0154,Meta,47.8,3,video_duration_s,"Increase video duration from 19s to ~75s. The optimal duration bucket for Meta is '>60s', which averages +6.1 klike_score points vs your current range.",6.13
KLK-0155,LinkedIn,69.0,1,format,"Switch ad format from 'vertical' to 'horizontal'. On LinkedIn, 'horizontal' format averages +13.4 klike_score points higher.",13.39
KLK-0155,LinkedIn,69.0,2,has_cta,"Add a clear call-to-action to your creative. On LinkedIn, creatives WITH this attribute score ~8.8 klike_score points higher on average; CTR could improve by ~13%.",8.77
KLK-0156,Meta,76.8,1,text_density,"Switch text density from 'low' to 'medium'. On Meta, 'medium' text density averages +8.5 klike_score points higher.",8.55
KLK-0156,Meta,76.8,2,video_duration_s,"Increase video duration from 18s to ~75s. The optimal duration bucket for Meta is '>60s', which averages +6.1 klike_score points vs your current range.",6.13
KLK-0156,Meta,76.8,3,format,"Switch ad format from 'horizontal' to 'quadrado'. On Meta, 'quadrado' format averages +3.6 klike_score points higher.",3.55
KLK-0157,TikTok,53.8,1,has_hook,"Add hook in the first 3 seconds to your creative. On TikTok, creatives WITH this attribute score ~17.3 klike_score points higher on average; CTR could improve by ~40%.",17.29
KLK-0157,TikTok,53.8,2,video_duration_s,"Increase video duration from 16s to ~38s. The optimal duration bucket for TikTok is '31-45s', which averages +13.4 klike_score points vs your current range.",13.42
KLK-0157,TikTok,53.8,3,has_face,"Add a human face to your creative. On TikTok, creatives WITH this attribute score ~10.7 klike_score points higher on average; CTR could improve by ~38%.",10.69
KLK-0158,TikTok,56.1,1,video_duration_s,"Increase video duration from 20s to ~38s. The optimal duration bucket for TikTok is '31-45s', which averages +13.4 klike_score points vs your current range.",13.42
KLK-0158,TikTok,56.1,2,has_face,"Add a human face to your creative. On TikTok, creatives WITH this attribute score ~10.7 klike_score points higher on average; CTR could improve by ~38%.",10.69
KLK-0158,TikTok,56.1,3,has_cta,"Add a clear call-to-action to your creative. On TikTok, creatives WITH this attribute score ~9.1 klike_score points higher on average; CTR could improve by ~10%.",9.12
KLK-0159,Meta,80.4,1,has_face,"Add a human face to your creative. On Meta, creatives WITH this attribute score ~12.9 klike_score points higher on average; CTR could improve by ~11%.",12.94
KLK-0160,TikTok,80.4,1,video_duration_s,"Increase video duration from 20s to ~38s. The optimal duration bucket for TikTok is '31-45s', which averages +13.4 klike_score points vs your current range.",13.42
KLK-0160,TikTok,80.4,2,has_subtitle,"Add subtitles / captions to your creative. On TikTok, creatives WITH this attribute score ~7.9 klike_score points higher on average; CTR could improve by ~11%.",7.95
KLK-0161,Meta,33.2,1,has_hook,"Add hook in the first 3 seconds to your creative. On Meta, creatives WITH this attribute score ~17.9 klike_score points higher on average; CTR could improve by ~34%.",17.86
KLK-0161,Meta,33.2,2,has_face,"Add a human face to your creative. On Meta, creatives WITH this attribute score ~12.9 klike_score points higher on average; CTR could improve by ~11%.",12.94
KLK-0161,Meta,33.2,3,has_cta,"Add a clear call-to-action to your creative. On Meta, creatives WITH this attribute score ~7.6 klike_score points higher on average; CTR could improve by ~6%.",7.61
KLK-0162,TikTok,72.7,1,has_face,"Add a human face to your creative. On TikTok, creatives WITH this attribute score ~10.7 klike_score points higher on average; CTR could improve by ~38%.",10.69
KLK-0162,TikTok,72.7,2,video_duration_s,"Increase video duration from 7s to ~38s. The optimal duration bucket for TikTok is '31-45s', which averages +8.8 klike_score points vs your current range.",8.79
KLK-0162,TikTok,72.7,3,has_subtitle,"Add subtitles / captions to your creative. On TikTok, creatives WITH this attribute score ~7.9 klike_score points higher on average; CTR could improve by ~11%.",7.95
KLK-0163,TikTok,34.4,1,has_hook,"Add hook in the first 3 seconds to your creative. On TikTok, creatives WITH this attribute score ~17.3 klike_score points higher on average; CTR could improve by ~40%.",17.29
KLK-0163,TikTok,34.4,2,video_duration_s,"Increase video duration from 18s to ~38s. The optimal duration bucket for TikTok is '31-45s', which averages +13.4 klike_score points vs your current range.",13.42
KLK-0163,TikTok,34.4,3,has_face,"Add a human face to your creative. On TikTok, creatives WITH this attribute score ~10.7 klike_score points higher on average; CTR could improve by ~38%.",10.69
KLK-0164,TikTok,30.2,1,has_hook,"Add hook in the first 3 seconds to your creative. On TikTok, creatives WITH this attribute score ~17.3 klike_score points higher on average; CTR could improve by ~40%.",17.29
KLK-0164,TikTok,30.2,2,has_face,"Add a human face to your creative. On TikTok, creatives WITH this attribute score ~10.7 klike_score points higher on average; CTR could improve by ~38%.",10.69
KLK-0164,TikTok,30.2,3,has_cta,"Add a clear call-to-action to your creative. On TikTok, creatives WITH this attribute score ~9.1 klike_score points higher on average; CTR could improve by ~10%.",9.12
KLK-0165,Meta,77.9,1,has_face,"Add a human face to your creative. On Meta, creatives WITH this attribute score ~12.9 klike_score points higher on average; CTR could improve by ~11%.",12.94
KLK-0165,Meta,77.9,2,video_duration_s,"Increase video duration from 14s to ~75s. The optimal duration bucket for Meta is '>60s', which averages +6.1 klike_score points vs your current range.",6.13
KLK-0165,Meta,77.9,3,format,"Switch ad format from 'vertical' to 'quadrado'. On Meta, 'quadrado' format averages +3.7 klike_score points higher.",3.65
KLK-0166,TikTok,80.4,1,has_hook,"Add hook in the first 3 seconds to your creative. On TikTok, creatives WITH this attribute score ~17.3 klike_score points higher on average; CTR could improve by ~40%.",17.29
KLK-0167,Meta,60.6,1,has_face,"Add a human face to your creative. On Meta, creatives WITH this attribute score ~12.9 klike_score points higher on average; CTR could improve by ~11%.",12.94
KLK-0167,Meta,60.6,2,has_subtitle,"Add subtitles / captions to your creative. On Meta, creatives WITH this attribute score ~7.5 klike_score points higher on average; CTR could improve by ~13%.",7.48
KLK-0167,Meta,60.6,3,video_duration_s,"Increase video duration from 20s to ~75s. The optimal duration bucket for Meta is '>60s', which averages +6.1 klike_score points vs your current range.",6.13
KLK-0168,Meta,67.1,1,text_density,"Switch text density from 'low' to 'medium'. On Meta, 'medium' text density averages +8.5 klike_score points higher.",8.55
KLK-0168,Meta,67.1,2,video_duration_s,"Increase video duration from 10s to ~75s. The optimal duration bucket for Meta is '>60s', which averages +5.4 klike_score points vs your current range.",5.4
KLK-0168,Meta,67.1,3,format,"Switch ad format from 'horizontal' to 'quadrado'. On Meta, 'quadrado' format averages +3.6 klike_score points higher.",3.55
KLK-0169,Meta,39.4,1,text_density,"Switch text density from 'high' to 'medium'. On Meta, 'medium' text density averages +18.3 klike_score points higher.",18.35
KLK-0169,Meta,39.4,2,has_hook,"Add hook in the first 3 seconds to your creative. On Meta, creatives WITH this attribute score ~17.9 klike_score points higher on average; CTR could improve by ~34%.",17.86
KLK-0169,Meta,39.4,3,has_face,"Add a human face to your creative. On Meta, creatives WITH this attribute score ~12.9 klike_score points higher on average; CTR could improve by ~11%.",12.94
KLK-0170,TikTok,63.0,1,has_hook,"Add hook in the first 3 seconds to your creative. On TikTok, creatives WITH this attribute score ~17.3 klike_score points higher on average; CTR could improve by ~40%.",17.29
KLK-0170,TikTok,63.0,2,video_duration_s,"Increase video duration from 11s to ~38s. The optimal duration bucket for TikTok is '31-45s', which averages +13.4 klike_score points vs your current range.",13.42
KLK-0171,TikTok,72.3,1,has_hook,"Add hook in the first 3 seconds to your creative. On TikTok, creatives WITH this attribute score ~17.3 klike_score points higher on average; CTR could improve by ~40%.",17.29
KLK-0172,Meta,73.5,1,video_duration_s,"Increase video duration from 26s to ~75s. The optimal duration bucket for Meta is '>60s', which averages +6.4 klike_score points vs your current range.",6.43
KLK-0172,Meta,73.5,2,format,"Switch ad format from 'horizontal' to 'quadrado'. On Meta, 'quadrado' format averages +3.6 klike_score points higher.",3.55
KLK-0173,TikTok,50.0,1,has_face,"Add a human face to your creative. On TikTok, creatives WITH this attribute score ~10.7 klike_score points higher on average; CTR could improve by ~38%.",10.69
KLK-0173,TikTok,50.0,2,has_cta,"Add a clear call-to-action to your creative. On TikTok, creatives WITH this attribute score ~9.1 klike_score points higher on average; CTR could improve by ~10%.",9.12
KLK-0173,TikTok,50.0,3,video_duration_s,"Increase video duration from 10s to ~38s. The optimal duration bucket for TikTok is '31-45s', which averages +8.8 klike_score points vs your current range.",8.79
KLK-0174,Meta,56.0,1,has_hook,"Add hook in the first 3 seconds to your creative. On Meta, creatives WITH this attribute score ~17.9 klike_score points higher on average; CTR could improve by ~34%.",17.86
KLK-0174,Meta,56.0,2,text_density,"Switch text density from 'low' to 'medium'. On Meta, 'medium' text density averages +8.5 klike_score points higher.",8.55
KLK-0174,Meta,56.0,3,video_duration_s,"Increase video duration from 29s to ~75s. The optimal duration bucket for Meta is '>60s', which averages +6.4 klike_score points vs your current range.",6.43
KLK-0175,TikTok,76.2,1,video_duration_s,"Increase video duration from 20s to ~38s. The optimal duration bucket for TikTok is '31-45s', which averages +13.4 klike_score points vs your current range.",13.42
KLK-0175,TikTok,76.2,2,has_subtitle,"Add subtitles / captions to your creative. On TikTok, creatives WITH this attribute score ~7.9 klike_score points higher on average; CTR could improve by ~11%.",7.95
KLK-0176,Meta,73.3,1,has_face,"Add a human face to your creative. On Meta, creatives WITH this attribute score ~12.9 klike_score points higher on average; CTR could improve by ~11%.",12.94
KLK-0176,Meta,73.3,2,video_duration_s,"Increase video duration from 7s to ~75s. The optimal duration bucket for Meta is '>60s', which averages +5.4 klike_score points vs your current range.",5.4
KLK-0176,Meta,73.3,3,format,"Switch ad format from 'vertical' to 'quadrado'. On Meta, 'quadrado' format averages +3.7 klike_score points higher.",3.65
KLK-0177,TikTok,66.8,1,text_density,"Switch text density from 'high' to 'medium'. On TikTok, 'medium' text density averages +11.6 klike_score points higher.",11.61
KLK-0177,TikTok,66.8,2,has_face,"Add a human face to your creative. On TikTok, creatives WITH this attribute score ~10.7 klike_score points higher on average; CTR could improve by ~38% — efeito especialmente forte para a faixa etária 25-34.",10.69
KLK-0177,TikTok,66.8,3,video_duration_s,"Increase video duration from 21s to ~38s. The optimal duration bucket for TikTok is '31-45s', which averages +7.7 klike_score points vs your current range.",7.72
KLK-0178,Meta,69.9,1,has_subtitle,"Add subtitles / captions to your creative. On Meta, creatives WITH this attribute score ~7.5 klike_score points higher on average; CTR could improve by ~13%.",7.48
KLK-0178,Meta,69.9,2,format,"Switch ad format from 'horizontal' to 'quadrado'. On Meta, 'quadrado' format averages +3.6 klike_score points higher.",3.55
KLK-0179,LinkedIn,67.6,1,has_hook,"Add hook in the first 3 seconds to your creative. On LinkedIn, creatives WITH this attribute score ~15.9 klike_score points higher on average; CTR could improve by ~52%.",15.95
KLK-0179,LinkedIn,67.6,2,video_duration_s,"Increase video duration from 44s to ~75s. The optimal duration bucket for LinkedIn is '>60s', which averages +11.8 klike_score points vs your current range.",11.84
KLK-0179,LinkedIn,67.6,3,has_subtitle,"Add subtitles / captions to your creative. On LinkedIn, creatives WITH this attribute score ~5.2 klike_score points higher on average; CTR could improve by ~-5%.",5.22
KLK-0180,Meta,61.2,1,has_face,"Add a human face to your creative. On Meta, creatives WITH this attribute score ~12.9 klike_score points higher on average; CTR could improve by ~11% — efeito especialmente forte para a faixa etária 25-34.",12.94
KLK-0180,Meta,61.2,2,video_duration_s,"Increase video duration from 56s to ~75s. The optimal duration bucket for Meta is '>60s', which averages +9.6 klike_score points vs your current range.",9.64
KLK-0180,Meta,61.2,3,text_density,"Switch text density from 'low' to 'medium'. On Meta, 'medium' text density averages +8.5 klike_score points higher.",8.55
KLK-0181,Meta,27.3,1,text_density,"Switch text density from 'high' to 'medium'. On Meta, 'medium' text density averages +18.3 klike_score points higher.",18.35
KLK-0181,Meta,27.3,2,has_hook,"Add hook in the first 3 seconds to your creative. On Meta, creatives WITH this attribute score ~17.9 klike_score points higher on average; CTR could improve by ~34%.",17.86
KLK-0181,Meta,27.3,3,has_face,"Add a human face to your creative. On Meta, creatives WITH this attribute score ~12.9 klike_score points higher on average; CTR could improve by ~11%.",12.94
KLK-0182,Meta,81.6,1,video_duration_s,"Increase video duration from 5s to ~75s. The optimal duration bucket for Meta is '>60s', which averages +5.4 klike_score points vs your current range.",5.4
KLK-0182,Meta,81.6,2,format,"Switch ad format from 'horizontal' to 'quadrado'. On Meta, 'quadrado' format averages +3.6 klike_score points higher.",3.55
KLK-0183,LinkedIn,33.8,1,has_hook,"Add hook in the first 3 seconds to your creative. On LinkedIn, creatives WITH this attribute score ~15.9 klike_score points higher on average; CTR could improve by ~52%.",15.95
KLK-0183,LinkedIn,33.8,2,has_face,"Add a human face to your creative. On LinkedIn, creatives WITH this attribute score ~13.1 klike_score points higher on average; CTR could improve by ~33% — efeito especialmente forte para a faixa etária 25-34.",13.11
KLK-0183,LinkedIn,33.8,3,video_duration_s,"Increase video duration from 42s to ~75s. The optimal duration bucket for LinkedIn is '>60s', which averages +11.8 klike_score points vs your current range.",11.84
KLK-0184,LinkedIn,81.3,1,text_density,"Switch text density from 'low' to 'medium'. On LinkedIn, 'medium' text density averages +5.9 klike_score points higher.",5.9
KLK-0185,Meta,81.2,1,has_face,"Add a human face to your creative. On Meta, creatives WITH this attribute score ~12.9 klike_score points higher on average; CTR could improve by ~11%.",12.94
KLK-0185,Meta,81.2,2,has_subtitle,"Add subtitles / captions to your creative. On Meta, creatives WITH this attribute score ~7.5 klike_score points higher on average; CTR could improve by ~13%.",7.48
KLK-0185,Meta,81.2,3,video_duration_s,"Increase video duration from 14s to ~75s. The optimal duration bucket for Meta is '>60s', which averages +6.1 klike_score points vs your current range.",6.13
KLK-0186,TikTok,61.4,1,video_duration_s,"Increase video duration from 12s to ~38s. The optimal duration bucket for TikTok is '31-45s', which averages +13.4 klike_score points vs your current range.",13.42
KLK-0186,TikTok,61.4,2,has_face,"Add a human face to your creative. On TikTok, creatives WITH this attribute score ~10.7 klike_score points higher on average; CTR could improve by ~38%.",10.69
KLK-0186,TikTok,61.4,3,has_subtitle,"Add subtitles / captions to your creative. On TikTok, creatives WITH this attribute score ~7.9 klike_score points higher on average; CTR could improve by ~11%.",7.95
KLK-0187,TikTok,97.0,1,video_duration_s,"Increase video duration from 7s to ~38s. The optimal duration bucket for TikTok is '31-45s', which averages +8.8 klike_score points vs your current range.",8.79
KLK-0188,TikTok,61.0,1,video_duration_s,"Increase video duration from 14s to ~38s. The optimal duration bucket for TikTok is '31-45s', which averages +13.4 klike_score points vs your current range.",13.42
KLK-0188,TikTok,61.0,2,has_cta,"Add a clear call-to-action to your creative. On TikTok, creatives WITH this attribute score ~9.1 klike_score points higher on average; CTR could improve by ~10%.",9.12
KLK-0188,TikTok,61.0,3,has_subtitle,"Add subtitles / captions to your creative. On TikTok, creatives WITH this attribute score ~7.9 klike_score points higher on average; CTR could improve by ~11%.",7.95
KLK-0189,TikTok,36.0,1,has_hook,"Add hook in the first 3 seconds to your creative. On TikTok, creatives WITH this attribute score ~17.3 klike_score points higher on average; CTR could improve by ~40%.",17.29
KLK-0189,TikTok,36.0,2,has_face,"Add a human face to your creative. On TikTok, creatives WITH this attribute score ~10.7 klike_score points higher on average; CTR could improve by ~38% — efeito especialmente forte para a faixa etária 25-34.",10.69
KLK-0189,TikTok,36.0,3,format,"Switch ad format from 'quadrado' to 'vertical'. On TikTok, 'vertical' format averages +9.1 klike_score points higher.",9.08
KLK-0190,Meta,55.6,1,has_hook,"Add hook in the first 3 seconds to your creative. On Meta, creatives WITH this attribute score ~17.9 klike_score points higher on average; CTR could improve by ~34%.",17.86
KLK-0190,Meta,55.6,2,has_face,"Add a human face to your creative. On Meta, creatives WITH this attribute score ~12.9 klike_score points higher on average; CTR could improve by ~11% — efeito especialmente forte para a faixa etária 25-34.",12.94
KLK-0190,Meta,55.6,3,text_density,"Switch text density from 'low' to 'medium'. On Meta, 'medium' text density averages +8.5 klike_score points higher.",8.55
KLK-0191,Meta,84.1,1,format,"Switch ad format from 'horizontal' to 'quadrado'. On Meta, 'quadrado' format averages +3.6 klike_score points higher.",3.55
KLK-0192,LinkedIn,67.6,1,has_face,"Add a human face to your creative. On LinkedIn, creatives WITH this attribute score ~13.1 klike_score points higher on average; CTR could improve by ~33%.",13.11
KLK-0192,LinkedIn,67.6,2,video_duration_s,"Increase video duration from 25s to ~75s. The optimal duration bucket for LinkedIn is '>60s', which averages +7.4 klike_score points vs your current range.",7.43
KLK-0192,LinkedIn,67.6,3,format,"Switch ad format from 'quadrado' to 'horizontal'. On LinkedIn, 'horizontal' format averages +2.3 klike_score points higher.",2.3
KLK-0193,LinkedIn,63.1,1,has_face,"Add a human face to your creative. On LinkedIn, creatives WITH this attribute score ~13.1 klike_score points higher on average; CTR could improve by ~33% — efeito especialmente forte para a faixa etária 25-34.",13.11
KLK-0193,LinkedIn,63.1,2,video_duration_s,"Increase video duration from 11s to ~75s. The optimal duration bucket for LinkedIn is '>60s', which averages +10.1 klike_score points vs your current range.",10.12
KLK-0194,TikTok,58.6,1,has_hook,"Add hook in the first 3 seconds to your creative. On TikTok, creatives WITH this attribute score ~17.3 klike_score points higher on average; CTR could improve by ~40%.",17.29
KLK-0194,TikTok,58.6,2,video_duration_s,"Increase video duration from 13s to ~38s. The optimal duration bucket for TikTok is '31-45s', which averages +13.4 klike_score points vs your current range.",13.42
KLK-0194,TikTok,58.6,3,text_density,"Switch text density from 'low' to 'medium'. On TikTok, 'medium' text density averages +3.2 klike_score points higher.",3.22
KLK-0195,Meta,62.8,1,has_hook,"Add hook in the first 3 seconds to your creative. On Meta, creatives WITH this attribute score ~17.9 klike_score points higher on average; CTR could improve by ~34%.",17.86
KLK-0195,Meta,62.8,2,has_face,"Add a human face to your creative. On Meta, creatives WITH this attribute score ~12.9 klike_score points higher on average; CTR could improve by ~11%.",12.94
KLK-0195,Meta,62.8,3,has_subtitle,"Add subtitles / captions to your creative. On Meta, creatives WITH this attribute score ~7.5 klike_score points higher on average; CTR could improve by ~13%.",7.48
KLK-0196,Meta,41.0,1,has_hook,"Add hook in the first 3 seconds to your creative. On Meta, creatives WITH this attribute score ~17.9 klike_score points higher on average; CTR could improve by ~34%.",17.86
KLK-0196,Meta,41.0,2,has_face,"Add a human face to your creative. On Meta, creatives WITH this attribute score ~12.9 klike_score points higher on average; CTR could improve by ~11% — efeito especialmente forte para a faixa etária 25-34.",12.94
KLK-0196,Meta,41.0,3,text_density,"Switch text density from 'low' to 'medium'. On Meta, 'medium' text density averages +8.5 klike_score points higher.",8.55
KLK-0197,TikTok,78.1,1,has_face,"Add a human face to your creative. On TikTok, creatives WITH this attribute score ~10.7 klike_score points higher on average; CTR could improve by ~38%.",10.69
KLK-0197,TikTok,78.1,2,video_duration_s,"Increase video duration from 27s to ~38s. The optimal duration bucket for TikTok is '31-45s', which averages +7.7 klike_score points vs your current range.",7.72
KLK-0198,LinkedIn,77.7,1,format,"Switch ad format from 'vertical' to 'horizontal'. On LinkedIn, 'horizontal' format averages +13.4 klike_score points higher.",13.39
KLK-0198,LinkedIn,77.7,2,video_duration_s,"Increase video duration from 29s to ~75s. The optimal duration bucket for LinkedIn is '>60s', which averages +7.4 klike_score points vs your current range.",7.43
KLK-0199,LinkedIn,67.3,1,video_duration_s,"Increase video duration from 27s to ~75s. The optimal duration bucket for LinkedIn is '>60s', which averages +7.4 klike_score points vs your current range.",7.43
KLK-0199,LinkedIn,67.3,2,text_density,"Switch text density from 'low' to 'medium'. On LinkedIn, 'medium' text density averages +5.9 klike_score points higher.",5.9
KLK-0199,LinkedIn,67.3,3,format,"Switch ad format from 'quadrado' to 'horizontal'. On LinkedIn, 'horizontal' format averages +2.3 klike_score points higher.",2.3
KLK-0200,TikTok,69.2,1,has_hook,"Add hook in the first 3 seconds to your creative. On TikTok, creatives WITH this attribute score ~17.3 klike_score points higher on average; CTR could improve by ~40%.",17.29
KLK-0200,TikTok,69.2,2,video_duration_s,"Increase video duration from 30s to ~38s. The optimal duration bucket for TikTok is '31-45s', which averages +7.7 klike_score points vs your current range.",7.72
KLK-0200,TikTok,69.2,3,text_density,"Switch text density from 'low' to 'medium'. On TikTok, 'medium' text density averages +3.2 klike_score points higher.",3.22
KLK-0201,TikTok,53.3,1,has_hook,"Add hook in the first 3 seconds to your creative. On TikTok, creatives WITH this attribute score ~17.3 klike_score points higher on average; CTR could improve by ~40%.",17.29
KLK-0201,TikTok,53.3,2,has_face,"Add a human face to your creative. On TikTok, creatives WITH this attribute score ~10.7 klike_score points higher on average; CTR could improve by ~38% — efeito especialmente forte para a faixa etária 25-34.",10.69
KLK-0201,TikTok,53.3,3,text_density,"Switch text density from 'low' to 'medium'. On TikTok, 'medium' text density averages +3.2 klike_score points higher.",3.22
KLK-0202,Meta,47.4,1,has_hook,"Add hook in the first 3 seconds to your creative. On Meta, creatives WITH this attribute score ~17.9 klike_score points higher on average; CTR could improve by ~34%.",17.86
KLK-0202,Meta,47.4,2,has_face,"Add a human face to your creative. On Meta, creatives WITH this attribute score ~12.9 klike_score points higher on average; CTR could improve by ~11%.",12.94
KLK-0202,Meta,47.4,3,has_cta,"Add a clear call-to-action to your creative. On Meta, creatives WITH this attribute score ~7.6 klike_score points higher on average; CTR could improve by ~6%.",7.61
KLK-0203,Meta,42.6,1,text_density,"Switch text density from 'high' to 'medium'. On Meta, 'medium' text density averages +18.3 klike_score points higher.",18.35
KLK-0203,Meta,42.6,2,has_hook,"Add hook in the first 3 seconds to your creative. On Meta, creatives WITH this attribute score ~17.9 klike_score points higher on average; CTR could improve by ~34%.",17.86
KLK-0203,Meta,42.6,3,has_face,"Add a human face to your creative. On Meta, creatives WITH this attribute score ~12.9 klike_score points higher on average; CTR could improve by ~11%.",12.94
KLK-0204,LinkedIn,40.5,1,has_face,"Add a human face to your creative. On LinkedIn, creatives WITH this attribute score ~13.1 klike_score points higher on average; CTR could improve by ~33%.",13.11
KLK-0204,LinkedIn,40.5,2,has_cta,"Add a clear call-to-action to your creative. On LinkedIn, creatives WITH this attribute score ~8.8 klike_score points higher on average; CTR could improve by ~13%.",8.77
KLK-0204,LinkedIn,40.5,3,video_duration_s,"Increase video duration from 30s to ~75s. The optimal duration bucket for LinkedIn is '>60s', which averages +7.4 klike_score points vs your current range.",7.43
KLK-0205,TikTok,54.1,1,has_hook,"Add hook in the first 3 seconds to your creative. On TikTok, creatives WITH this attribute score ~17.3 klike_score points higher on average; CTR could improve by ~40%.",17.29
KLK-0205,TikTok,54.1,2,text_density,"Switch text density from 'high' to 'medium'. On TikTok, 'medium' text density averages +11.6 klike_score points higher.",11.61
KLK-0205,TikTok,54.1,3,video_duration_s,"Increase video duration from 7s to ~38s. The optimal duration bucket for TikTok is '31-45s', which averages +8.8 klike_score points vs your current range.",8.79
KLK-0206,Meta,54.9,1,has_face,"Add a human face to your creative. On Meta, creatives WITH this attribute score ~12.9 klike_score points higher on average; CTR could improve by ~11%.",12.94
KLK-0206,Meta,54.9,2,text_density,"Switch text density from 'low' to 'medium'. On Meta, 'medium' text density averages +8.5 klike_score points higher.",8.55
KLK-0206,Meta,54.9,3,video_duration_s,"Increase video duration from 12s to ~75s. The optimal duration bucket for Meta is '>60s', which averages +6.1 klike_score points vs your current range.",6.13
KLK-0207,Meta,59.1,1,has_hook,"Add hook in the first 3 seconds to your creative. On Meta, creatives WITH this attribute score ~17.9 klike_score points higher on average; CTR could improve by ~34%.",17.86
KLK-0207,Meta,59.1,2,video_duration_s,"Increase video duration from 7s to ~75s. The optimal duration bucket for Meta is '>60s', which averages +5.4 klike_score points vs your current range.",5.4
KLK-0207,Meta,59.1,3,format,"Switch ad format from 'horizontal' to 'quadrado'. On Meta, 'quadrado' format averages +3.6 klike_score points higher.",3.55
KLK-0208,TikTok,62.5,1,video_duration_s,"Increase video duration from 12s to ~38s. The optimal duration bucket for TikTok is '31-45s', which averages +13.4 klike_score points vs your current range.",13.42
KLK-0208,TikTok,62.5,2,has_face,"Add a human face to your creative. On TikTok, creatives WITH this attribute score ~10.7 klike_score points higher on average; CTR could improve by ~38%.",10.69
KLK-0208,TikTok,62.5,3,has_subtitle,"Add subtitles / captions to your creative. On TikTok, creatives WITH this attribute score ~7.9 klike_score points higher on average; CTR could improve by ~11%.",7.95
KLK-0209,Meta,82.2,1,video_duration_s,"Increase video duration from 21s to ~75s. The optimal duration bucket for Meta is '>60s', which averages +6.4 klike_score points vs your current range.",6.43
KLK-0210,Meta,53.5,1,has_hook,"Add hook in the first 3 seconds to your creative. On Meta, creatives WITH this attribute score ~17.9 klike_score points higher on average; CTR could improve by ~34%.",17.86
KLK-0210,Meta,53.5,2,has_face,"Add a human face to your creative. On Meta, creatives WITH this attribute score ~12.9 klike_score points higher on average; CTR could improve by ~11%.",12.94
KLK-0210,Meta,53.5,3,has_cta,"Add a clear call-to-action to your creative. On Meta, creatives WITH this attribute score ~7.6 klike_score points higher on average; CTR could improve by ~6%.",7.61
KLK-0211,TikTok,52.2,1,has_hook,"Add hook in the first 3 seconds to your creative. On TikTok, creatives WITH this attribute score ~17.3 klike_score points higher on average; CTR could improve by ~40%.",17.29
KLK-0211,TikTok,52.2,2,has_face,"Add a human face to your creative. On TikTok, creatives WITH this attribute score ~10.7 klike_score points higher on average; CTR could improve by ~38%.",10.69
KLK-0212,TikTok,42.0,1,has_hook,"Add hook in the first 3 seconds to your creative. On TikTok, creatives WITH this attribute score ~17.3 klike_score points higher on average; CTR could improve by ~40%.",17.29
KLK-0212,TikTok,42.0,2,video_duration_s,"Increase video duration from 14s to ~38s. The optimal duration bucket for TikTok is '31-45s', which averages +13.4 klike_score points vs your current range.",13.42
KLK-0212,TikTok,42.0,3,text_density,"Switch text density from 'high' to 'medium'. On TikTok, 'medium' text density averages +11.6 klike_score points higher.",11.61
KLK-0213,TikTok,78.5,1,video_duration_s,"Increase video duration from 13s to ~38s. The optimal duration bucket for TikTok is '31-45s', which averages +13.4 klike_score points vs your current range.",13.42
KLK-0213,TikTok,78.5,2,text_density,"Switch text density from 'high' to 'medium'. On TikTok, 'medium' text density averages +11.6 klike_score points higher.",11.61
KLK-0214,Meta,73.2,1,has_hook,"Add hook in the first 3 seconds to your creative. On Meta, creatives WITH this attribute score ~17.9 klike_score points higher on average; CTR could improve by ~34%.",17.86
KLK-0214,Meta,73.2,2,has_cta,"Add a clear call-to-action to your creative. On Meta, creatives WITH this attribute score ~7.6 klike_score points higher on average; CTR could improve by ~6%.",7.61
KLK-0214,Meta,73.2,3,video_duration_s,"Increase video duration from 26s to ~75s. The optimal duration bucket for Meta is '>60s', which averages +6.4 klike_score points vs your current range.",6.43
KLK-0215,TikTok,60.2,1,has_face,"Add a human face to your creative. On TikTok, creatives WITH this attribute score ~10.7 klike_score points higher on average; CTR could improve by ~38%.",10.69
KLK-0215,TikTok,60.2,2,video_duration_s,"Increase video duration from 8s to ~38s. The optimal duration bucket for TikTok is '31-45s', which averages +8.8 klike_score points vs your current range.",8.79
KLK-0215,TikTok,60.2,3,text_density,"Switch text density from 'low' to 'medium'. On TikTok, 'medium' text density averages +3.2 klike_score points higher.",3.22
KLK-0216,Meta,36.5,1,has_hook,"Add hook in the first 3 seconds to your creative. On Meta, creatives WITH this attribute score ~17.9 klike_score points higher on average; CTR could improve by ~34%.",17.86
KLK-0216,Meta,36.5,2,has_face,"Add a human face to your creative. On Meta, creatives WITH this attribute score ~12.9 klike_score points higher on average; CTR could improve by ~11%.",12.94
KLK-0216,Meta,36.5,3,text_density,"Switch text density from 'low' to 'medium'. On Meta, 'medium' text density averages +8.5 klike_score points higher.",8.55
KLK-0217,Meta,56.0,1,has_subtitle,"Add subtitles / captions to your creative. On Meta, creatives WITH this attribute score ~7.5 klike_score points higher on average; CTR could improve by ~13%.",7.48
KLK-0217,Meta,56.0,2,video_duration_s,"Increase video duration from 11s to ~75s. The optimal duration bucket for Meta is '>60s', which averages +6.1 klike_score points vs your current range.",6.13
KLK-0217,Meta,56.0,3,format,"Switch ad format from 'horizontal' to 'quadrado'. On Meta, 'quadrado' format averages +3.6 klike_score points higher.",3.55
KLK-0218,TikTok,59.8,1,has_hook,"Add hook in the first 3 seconds to your creative. On TikTok, creatives WITH this attribute score ~17.3 klike_score points higher on average; CTR could improve by ~40%.",17.29
KLK-0218,TikTok,59.8,2,has_face,"Add a human face to your creative. On TikTok, creatives WITH this attribute score ~10.7 klike_score points higher on average; CTR could improve by ~38% — efeito especialmente forte para a faixa etária 25-34.",10.69
KLK-0218,TikTok,59.8,3,video_duration_s,"Increase video duration from 27s to ~38s. The optimal duration bucket for TikTok is '31-45s', which averages +7.7 klike_score points vs your current range.",7.72
KLK-0219,TikTok,77.7,1,has_hook,"Add hook in the first 3 seconds to your creative. On TikTok, creatives WITH this attribute score ~17.3 klike_score points higher on average; CTR could improve by ~40%.",17.29
KLK-0219,TikTok,77.7,2,video_duration_s,"Increase video duration from 7s to ~38s. The optimal duration bucket for TikTok is '31-45s', which averages +8.8 klike_score points vs your current range.",8.79
KLK-0220,TikTok,48.8,1,has_hook,"Add hook in the first 3 seconds to your creative. On TikTok, creatives WITH this attribute score ~17.3 klike_score points higher on average; CTR could improve by ~40%.",17.29
KLK-0220,TikTok,48.8,2,video_duration_s,"Increase video duration from 13s to ~38s. The optimal duration bucket for TikTok is '31-45s', which averages +13.4 klike_score points vs your current range.",13.42
KLK-0220,TikTok,48.8,3,has_cta,"Add a clear call-to-action to your creative. On TikTok, creatives WITH this attribute score ~9.1 klike_score points higher on average; CTR could improve by ~10%.",9.12
KLK-0221,TikTok,38.2,1,video_duration_s,"Increase video duration from 14s to ~38s. The optimal duration bucket for TikTok is '31-45s', which averages +13.4 klike_score points vs your current range.",13.42
KLK-0221,TikTok,38.2,2,text_density,"Switch text density from 'high' to 'medium'. On TikTok, 'medium' text density averages +11.6 klike_score points higher.",11.61
KLK-0221,TikTok,38.2,3,has_face,"Add a human face to your creative. On TikTok, creatives WITH this attribute score ~10.7 klike_score points higher on average; CTR could improve by ~38%.",10.69
KLK-0222,TikTok,46.5,1,video_duration_s,"Increase video duration from 15s to ~38s. The optimal duration bucket for TikTok is '31-45s', which averages +13.4 klike_score points vs your current range.",13.42
KLK-0222,TikTok,46.5,2,has_face,"Add a human face to your creative. On TikTok, creatives WITH this attribute score ~10.7 klike_score points higher on average; CTR could improve by ~38% — efeito especialmente forte para a faixa etária 25-34.",10.69
KLK-0222,TikTok,46.5,3,has_cta,"Add a clear call-to-action to your creative. On TikTok, creatives WITH this attribute score ~9.1 klike_score points higher on average; CTR could improve by ~10%.",9.12
KLK-0223,Meta,66.9,1,has_hook,"Add hook in the first 3 seconds to your creative. On Meta, creatives WITH this attribute score ~17.9 klike_score points higher on average; CTR could improve by ~34%.",17.86
KLK-0223,Meta,66.9,2,has_face,"Add a human face to your creative. On Meta, creatives WITH this attribute score ~12.9 klike_score points higher on average; CTR could improve by ~11% — efeito especialmente forte para a faixa etária 25-34.",12.94
KLK-0223,Meta,66.9,3,video_duration_s,"Increase video duration from 12s to ~75s. The optimal duration bucket for Meta is '>60s', which averages +6.1 klike_score points vs your current range.",6.13
KLK-0224,Meta,70.9,1,has_face,"Add a human face to your creative. On Meta, creatives WITH this attribute score ~12.9 klike_score points higher on average; CTR could improve by ~11%.",12.94
KLK-0224,Meta,70.9,2,has_cta,"Add a clear call-to-action to your creative. On Meta, creatives WITH this attribute score ~7.6 klike_score points higher on average; CTR could improve by ~6%.",7.61
KLK-0224,Meta,70.9,3,video_duration_s,"Increase video duration from 10s to ~75s. The optimal duration bucket for Meta is '>60s', which averages +5.4 klike_score points vs your current range.",5.4
KLK-0225,Meta,57.4,1,has_hook,"Add hook in the first 3 seconds to your creative. On Meta, creatives WITH this attribute score ~17.9 klike_score points higher on average; CTR could improve by ~34%.",17.86
KLK-0225,Meta,57.4,2,text_density,"Switch text density from 'low' to 'medium'. On Meta, 'medium' text density averages +8.5 klike_score points higher.",8.55
KLK-0225,Meta,57.4,3,has_cta,"Add a clear call-to-action to your creative. On Meta, creatives WITH this attribute score ~7.6 klike_score points higher on average; CTR could improve by ~6%.",7.61
KLK-0226,Meta,65.7,1,text_density,"Switch text density from 'low' to 'medium'. On Meta, 'medium' text density averages +8.5 klike_score points higher.",8.55
KLK-0226,Meta,65.7,2,has_cta,"Add a clear call-to-action to your creative. On Meta, creatives WITH this attribute score ~7.6 klike_score points higher on average; CTR could improve by ~6%.",7.61
KLK-0226,Meta,65.7,3,video_duration_s,"Increase video duration from 23s to ~75s. The optimal duration bucket for Meta is '>60s', which averages +6.4 klike_score points vs your current range.",6.43
KLK-0227,LinkedIn,49.3,1,text_density,"Switch text density from 'high' to 'medium'. On LinkedIn, 'medium' text density averages +15.0 klike_score points higher.",15.03
KLK-0227,LinkedIn,49.3,2,video_duration_s,"Increase video duration from 23s to ~75s. The optimal duration bucket for LinkedIn is '>60s', which averages +7.4 klike_score points vs your current range.",7.43
KLK-0227,LinkedIn,49.3,3,has_subtitle,"Add subtitles / captions to your creative. On LinkedIn, creatives WITH this attribute score ~5.2 klike_score points higher on average; CTR could improve by ~-5%.",5.22
KLK-0228,Meta,52.9,1,has_hook,"Add hook in the first 3 seconds to your creative. On Meta, creatives WITH this attribute score ~17.9 klike_score points higher on average; CTR could improve by ~34%.",17.86
KLK-0228,Meta,52.9,2,text_density,"Switch text density from 'low' to 'medium'. On Meta, 'medium' text density averages +8.5 klike_score points higher.",8.55
KLK-0228,Meta,52.9,3,has_subtitle,"Add subtitles / captions to your creative. On Meta, creatives WITH this attribute score ~7.5 klike_score points higher on average; CTR could improve by ~13%.",7.48
KLK-0229,LinkedIn,31.4,1,has_hook,"Add hook in the first 3 seconds to your creative. On LinkedIn, creatives WITH this attribute score ~15.9 klike_score points higher on average; CTR could improve by ~52%.",15.95
KLK-0229,LinkedIn,31.4,2,text_density,"Switch text density from 'high' to 'medium'. On LinkedIn, 'medium' text density averages +15.0 klike_score points higher.",15.03
KLK-0229,LinkedIn,31.4,3,format,"Switch ad format from 'vertical' to 'horizontal'. On LinkedIn, 'horizontal' format averages +13.4 klike_score points higher.",13.39
KLK-0230,TikTok,46.0,1,has_hook,"Add hook in the first 3 seconds to your creative. On TikTok, creatives WITH this attribute score ~17.3 klike_score points higher on average; CTR could improve by ~40%.",17.29
KLK-0230,TikTok,46.0,2,video_duration_s,"Increase video duration from 5s to ~38s. The optimal duration bucket for TikTok is '31-45s', which averages +8.8 klike_score points vs your current range.",8.79
KLK-0230,TikTok,46.0,3,has_subtitle,"Add subtitles / captions to your creative. On TikTok, creatives WITH this attribute score ~7.9 klike_score points higher on average; CTR could improve by ~11%.",7.95
KLK-0231,TikTok,42.5,1,has_hook,"Add hook in the first 3 seconds to your creative. On TikTok, creatives WITH this attribute score ~17.3 klike_score points higher on average; CTR could improve by ~40%.",17.29
KLK-0231,TikTok,42.5,2,video_duration_s,"Increase video duration from 14s to ~38s. The optimal duration bucket for TikTok is '31-45s', which averages +13.4 klike_score points vs your current range.",13.42
KLK-0231,TikTok,42.5,3,text_density,"Switch text density from 'low' to 'medium'. On TikTok, 'medium' text density averages +3.2 klike_score points higher.",3.22
KLK-0232,TikTok,66.8,1,text_density,"Switch text density from 'high' to 'medium'. On TikTok, 'medium' text density averages +11.6 klike_score points higher.",11.61
KLK-0233,TikTok,57.6,1,has_hook,"Add hook in the first 3 seconds to your creative. On TikTok, creatives WITH this attribute score ~17.3 klike_score points higher on average; CTR could improve by ~40%.",17.29
KLK-0233,TikTok,57.6,2,has_cta,"Add a clear call-to-action to your creative. On TikTok, creatives WITH this attribute score ~9.1 klike_score points higher on average; CTR could improve by ~10%.",9.12
KLK-0233,TikTok,57.6,3,video_duration_s,"Increase video duration from 24s to ~38s. The optimal duration bucket for TikTok is '31-45s', which averages +7.7 klike_score points vs your current range.",7.72
KLK-0234,Meta,67.8,1,text_density,"Switch text density from 'low' to 'medium'. On Meta, 'medium' text density averages +8.5 klike_score points higher.",8.55
KLK-0234,Meta,67.8,2,video_duration_s,"Increase video duration from 21s to ~75s. The optimal duration bucket for Meta is '>60s', which averages +6.4 klike_score points vs your current range.",6.43
KLK-0234,Meta,67.8,3,format,"Switch ad format from 'vertical' to 'quadrado'. On Meta, 'quadrado' format averages +3.7 klike_score points higher.",3.65
KLK-0235,Meta,45.7,1,has_hook,"Add hook in the first 3 seconds to your creative. On Meta, creatives WITH this attribute score ~17.9 klike_score points higher on average; CTR could improve by ~34%.",17.86
KLK-0235,Meta,45.7,2,has_face,"Add a human face to your creative. On Meta, creatives WITH this attribute score ~12.9 klike_score points higher on average; CTR could improve by ~11%.",12.94
KLK-0235,Meta,45.7,3,video_duration_s,"Increase video duration from 9s to ~75s. The optimal duration bucket for Meta is '>60s', which averages +5.4 klike_score points vs your current range.",5.4
KLK-0236,TikTok,30.4,1,has_hook,"Add hook in the first 3 seconds to your creative. On TikTok, creatives WITH this attribute score ~17.3 klike_score points higher on average; CTR could improve by ~40%.",17.29
KLK-0236,TikTok,30.4,2,video_duration_s,"Increase video duration from 15s to ~38s. The optimal duration bucket for TikTok is '31-45s', which averages +13.4 klike_score points vs your current range.",13.42
KLK-0236,TikTok,30.4,3,has_face,"Add a human face to your creative. On TikTok, creatives WITH this attribute score ~10.7 klike_score points higher on average; CTR could improve by ~38%.",10.69
KLK-0237,Meta,68.3,1,has_face,"Add a human face to your creative. On Meta, creatives WITH this attribute score ~12.9 klike_score points higher on average; CTR could improve by ~11%.",12.94
KLK-0237,Meta,68.3,2,has_subtitle,"Add subtitles / captions to your creative. On Meta, creatives WITH this attribute score ~7.5 klike_score points higher on average; CTR could improve by ~13%.",7.48
KLK-0237,Meta,68.3,3,video_duration_s,"Increase video duration from 26s to ~75s. The optimal duration bucket for Meta is '>60s', which averages +6.4 klike_score points vs your current range.",6.43
KLK-0238,Meta,37.5,1,has_hook,"Add hook in the first 3 seconds to your creative. On Meta, creatives WITH this attribute score ~17.9 klike_score points higher on average; CTR could improve by ~34%.",17.86
KLK-0238,Meta,37.5,2,has_face,"Add a human face to your creative. On Meta, creatives WITH this attribute score ~12.9 klike_score points higher on average; CTR could improve by ~11%.",12.94
KLK-0238,Meta,37.5,3,text_density,"Switch text density from 'low' to 'medium'. On Meta, 'medium' text density averages +8.5 klike_score points higher.",8.55
KLK-0239,TikTok,68.6,1,has_hook,"Add hook in the first 3 seconds to your creative. On TikTok, creatives WITH this attribute score ~17.3 klike_score points higher on average; CTR could improve by ~40%.",17.29
KLK-0239,TikTok,68.6,2,video_duration_s,"Increase video duration from 14s to ~38s. The optimal duration bucket for TikTok is '31-45s', which averages +13.4 klike_score points vs your current range.",13.42
KLK-0239,TikTok,68.6,3,text_density,"Switch text density from 'high' to 'medium'. On TikTok, 'medium' text density averages +11.6 klike_score points higher.",11.61
KLK-0240,Meta,48.1,1,text_density,"Switch text density from 'high' to 'medium'. On Meta, 'medium' text density averages +18.3 klike_score points higher.",18.35
KLK-0240,Meta,48.1,2,has_face,"Add a human face to your creative. On Meta, creatives WITH this attribute score ~12.9 klike_score points higher on average; CTR could improve by ~11% — efeito especialmente forte para a faixa etária 25-34.",12.94
KLK-0240,Meta,48.1,3,has_subtitle,"Add subtitles / captions to your creative. On Meta, creatives WITH this attribute score ~7.5 klike_score points higher on average; CTR could improve by ~13%.",7.48
KLK-0241,LinkedIn,54.8,1,has_hook,"Add hook in the first 3 seconds to your creative. On LinkedIn, creatives WITH this attribute score ~15.9 klike_score points higher on average; CTR could improve by ~52%.",15.95
KLK-0241,LinkedIn,54.8,2,text_density,"Switch text density from 'low' to 'medium'. On LinkedIn, 'medium' text density averages +5.9 klike_score points higher.",5.9
KLK-0242,LinkedIn,73.1,1,text_density,"Switch text density from 'high' to 'medium'. On LinkedIn, 'medium' text density averages +15.0 klike_score points higher.",15.03
KLK-0242,LinkedIn,73.1,2,video_duration_s,"Increase video duration from 14s to ~75s. The optimal duration bucket for LinkedIn is '>60s', which averages +10.1 klike_score points vs your current range.",10.12
KLK-0242,LinkedIn,73.1,3,has_subtitle,"Add subtitles / captions to your creative. On LinkedIn, creatives WITH this attribute score ~5.2 klike_score points higher on average; CTR could improve by ~-5%.",5.22
KLK-0243,LinkedIn,44.7,1,text_density,"Switch text density from 'high' to 'medium'. On LinkedIn, 'medium' text density averages +15.0 klike_score points higher.",15.03
KLK-0243,LinkedIn,44.7,2,has_face,"Add a human face to your creative. On LinkedIn, creatives WITH this attribute score ~13.1 klike_score points higher on average; CTR could improve by ~33% — efeito especialmente forte para a faixa etária 25-34.",13.11
KLK-0243,LinkedIn,44.7,3,video_duration_s,"Increase video duration from 35s to ~75s. The optimal duration bucket for LinkedIn is '>60s', which averages +11.8 klike_score points vs your current range.",11.84
KLK-0244,Meta,77.8,1,video_duration_s,"Increase video duration from 22s to ~75s. The optimal duration bucket for Meta is '>60s', which averages +6.4 klike_score points vs your current range.",6.43
KLK-0244,Meta,77.8,2,format,"Switch ad format from 'horizontal' to 'quadrado'. On Meta, 'quadrado' format averages +3.6 klike_score points higher.",3.55
KLK-0245,Meta,69.4,1,has_face,"Add a human face to your creative. On Meta, creatives WITH this attribute score ~12.9 klike_score points higher on average; CTR could improve by ~11% — efeito especialmente forte para a faixa etária 25-34.",12.94
KLK-0245,Meta,69.4,2,video_duration_s,"Increase video duration from 30s to ~75s. The optimal duration bucket for Meta is '>60s', which averages +6.4 klike_score points vs your current range.",6.43
KLK-0246,LinkedIn,63.4,1,has_hook,"Add hook in the first 3 seconds to your creative. On LinkedIn, creatives WITH this attribute score ~15.9 klike_score points higher on average; CTR could improve by ~52%.",15.95
KLK-0246,LinkedIn,63.4,2,video_duration_s,"Increase video duration from 33s to ~75s. The optimal duration bucket for LinkedIn is '>60s', which averages +11.8 klike_score points vs your current range.",11.84
KLK-0246,LinkedIn,63.4,3,has_subtitle,"Add subtitles / captions to your creative. On LinkedIn, creatives WITH this attribute score ~5.2 klike_score points higher on average; CTR could improve by ~-5%.",5.22
KLK-0247,Meta,52.2,1,has_hook,"Add hook in the first 3 seconds to your creative. On Meta, creatives WITH this attribute score ~17.9 klike_score points higher on average; CTR could improve by ~34%.",17.86
KLK-0247,Meta,52.2,2,has_face,"Add a human face to your creative. On Meta, creatives WITH this attribute score ~12.9 klike_score points higher on average; CTR could improve by ~11%.",12.94
KLK-0247,Meta,52.2,3,text_density,"Switch text density from 'low' to 'medium'. On Meta, 'medium' text density averages +8.5 klike_score points higher.",8.55
KLK-0248,LinkedIn,78.5,1,has_hook,"Add hook in the first 3 seconds to your creative. On LinkedIn, creatives WITH this attribute score ~15.9 klike_score points higher on average; CTR could improve by ~52%.",15.95
KLK-0248,LinkedIn,78.5,2,video_duration_s,"Increase video duration from 30s to ~75s. The optimal duration bucket for LinkedIn is '>60s', which averages +7.4 klike_score points vs your current range.",7.43
KLK-0249,LinkedIn,50.0,1,has_hook,"Add hook in the first 3 seconds to your creative. On LinkedIn, creatives WITH this attribute score ~15.9 klike_score points higher on average; CTR could improve by ~52%.",15.95
KLK-0249,LinkedIn,50.0,2,text_density,"Switch text density from 'high' to 'medium'. On LinkedIn, 'medium' text density averages +15.0 klike_score points higher.",15.03
KLK-0249,LinkedIn,50.0,3,format,"Switch ad format from 'vertical' to 'horizontal'. On LinkedIn, 'horizontal' format averages +13.4 klike_score points higher.",13.39
KLK-0250,LinkedIn,72.5,1,format,"Switch ad format from 'vertical' to 'horizontal'. On LinkedIn, 'horizontal' format averages +13.4 klike_score points higher.",13.39
KLK-0250,LinkedIn,72.5,2,has_face,"Add a human face to your creative. On LinkedIn, creatives WITH this attribute score ~13.1 klike_score points higher on average; CTR could improve by ~33% — efeito especialmente forte para a faixa etária 25-34.",13.11
KLK-0250,LinkedIn,72.5,3,video_duration_s,"Increase video duration from 22s to ~75s. The optimal duration bucket for LinkedIn is '>60s', which averages +7.4 klike_score points vs your current range.",7.43
KLK-0251,Meta,61.5,1,has_cta,"Add a clear call-to-action to your creative. On Meta, creatives WITH this attribute score ~7.6 klike_score points higher on average; CTR could improve by ~6%.",7.61
KLK-0251,Meta,61.5,2,has_subtitle,"Add subtitles / captions to your creative. On Meta, creatives WITH this attribute score ~7.5 klike_score points higher on average; CTR could improve by ~13%.",7.48
KLK-0251,Meta,61.5,3,video_duration_s,"Increase video duration from 22s to ~75s. The optimal duration bucket for Meta is '>60s', which averages +6.4 klike_score points vs your current range.",6.43
KLK-0252,Meta,77.0,1,text_density,"Switch text density from 'low' to 'medium'. On Meta, 'medium' text density averages +8.5 klike_score points higher.",8.55
KLK-0252,Meta,77.0,2,has_subtitle,"Add subtitles / captions to your creative. On Meta, creatives WITH this attribute score ~7.5 klike_score points higher on average; CTR could improve by ~13%.",7.48
KLK-0252,Meta,77.0,3,video_duration_s,"Increase video duration from 13s to ~75s. The optimal duration bucket for Meta is '>60s', which averages +6.1 klike_score points vs your current range.",6.13
KLK-0253,LinkedIn,66.4,1,text_density,"Switch text density from 'low' to 'medium'. On LinkedIn, 'medium' text density averages +5.9 klike_score points higher.",5.9
KLK-0253,LinkedIn,66.4,2,has_subtitle,"Add subtitles / captions to your creative. On LinkedIn, creatives WITH this attribute score ~5.2 klike_score points higher on average; CTR could improve by ~-5%.",5.22
KLK-0253,LinkedIn,66.4,3,format,"Switch ad format from 'quadrado' to 'horizontal'. On LinkedIn, 'horizontal' format averages +2.3 klike_score points higher.",2.3
KLK-0254,Meta,37.4,1,has_hook,"Add hook in the first 3 seconds to your creative. On Meta, creatives WITH this attribute score ~17.9 klike_score points higher on average; CTR could improve by ~34%.",17.86
KLK-0254,Meta,37.4,2,has_face,"Add a human face to your creative. On Meta, creatives WITH this attribute score ~12.9 klike_score points higher on average; CTR could improve by ~11%.",12.94
KLK-0254,Meta,37.4,3,text_density,"Switch text density from 'low' to 'medium'. On Meta, 'medium' text density averages +8.5 klike_score points higher.",8.55
KLK-0255,Meta,73.2,1,has_face,"Add a human face to your creative. On Meta, creatives WITH this attribute score ~12.9 klike_score points higher on average; CTR could improve by ~11% — efeito especialmente forte para a faixa etária 25-34.",12.94
KLK-0255,Meta,73.2,2,text_density,"Switch text density from 'low' to 'medium'. On Meta, 'medium' text density averages +8.5 klike_score points higher.",8.55
KLK-0255,Meta,73.2,3,has_cta,"Add a clear call-to-action to your creative. On Meta, creatives WITH this attribute score ~7.6 klike_score points higher on average; CTR could improve by ~6%.",7.61
KLK-0256,TikTok,66.1,1,video_duration_s,"Increase video duration from 8s to ~38s. The optimal duration bucket for TikTok is '31-45s', which averages +8.8 klike_score points vs your current range.",8.79
KLK-0256,TikTok,66.1,2,has_subtitle,"Add subtitles / captions to your creative. On TikTok, creatives WITH this attribute score ~7.9 klike_score points higher on average; CTR could improve by ~11%.",7.95
KLK-0257,LinkedIn,65.5,1,has_face,"Add a human face to your creative. On LinkedIn, creatives WITH this attribute score ~13.1 klike_score points higher on average; CTR could improve by ~33%.",13.11
KLK-0257,LinkedIn,65.5,2,video_duration_s,"Increase video duration from 17s to ~75s. The optimal duration bucket for LinkedIn is '>60s', which averages +10.1 klike_score points vs your current range.",10.12
KLK-0258,TikTok,31.9,1,has_hook,"Add hook in the first 3 seconds to your creative. On TikTok, creatives WITH this attribute score ~17.3 klike_score points higher on average; CTR could improve by ~40%.",17.29
KLK-0258,TikTok,31.9,2,text_density,"Switch text density from 'high' to 'medium'. On TikTok, 'medium' text density averages +11.6 klike_score points higher.",11.61
KLK-0258,TikTok,31.9,3,has_face,"Add a human face to your creative. On TikTok, creatives WITH this attribute score ~10.7 klike_score points higher on average; CTR could improve by ~38%.",10.69
KLK-0259,TikTok,42.5,1,has_hook,"Add hook in the first 3 seconds to your creative. On TikTok, creatives WITH this attribute score ~17.3 klike_score points higher on average; CTR could improve by ~40%.",17.29
KLK-0259,TikTok,42.5,2,has_face,"Add a human face to your creative. On TikTok, creatives WITH this attribute score ~10.7 klike_score points higher on average; CTR could improve by ~38%.",10.69
KLK-0259,TikTok,42.5,3,has_cta,"Add a clear call-to-action to your creative. On TikTok, creatives WITH this attribute score ~9.1 klike_score points higher on average; CTR could improve by ~10%.",9.12
KLK-0260,Meta,50.9,1,has_hook,"Add hook in the first 3 seconds to your creative. On Meta, creatives WITH this attribute score ~17.9 klike_score points higher on average; CTR could improve by ~34%.",17.86
KLK-0260,Meta,50.9,2,has_face,"Add a human face to your creative. On Meta, creatives WITH this attribute score ~12.9 klike_score points higher on average; CTR could improve by ~11%.",12.94
KLK-0260,Meta,50.9,3,has_subtitle,"Add subtitles / captions to your creative. On Meta, creatives WITH this attribute score ~7.5 klike_score points higher on average; CTR could improve by ~13%.",7.48
KLK-0261,TikTok,61.1,1,has_hook,"Add hook in the first 3 seconds to your creative. On TikTok, creatives WITH this attribute score ~17.3 klike_score points higher on average; CTR could improve by ~40%.",17.29
KLK-0261,TikTok,61.1,2,has_cta,"Add a clear call-to-action to your creative. On TikTok, creatives WITH this attribute score ~9.1 klike_score points higher on average; CTR could improve by ~10%.",9.12
KLK-0261,TikTok,61.1,3,video_duration_s,"Increase video duration from 9s to ~38s. The optimal duration bucket for TikTok is '31-45s', which averages +8.8 klike_score points vs your current range.",8.79
KLK-0262,LinkedIn,46.7,1,has_hook,"Add hook in the first 3 seconds to your creative. On LinkedIn, creatives WITH this attribute score ~15.9 klike_score points higher on average; CTR could improve by ~52%.",15.95
KLK-0262,LinkedIn,46.7,2,format,"Switch ad format from 'vertical' to 'horizontal'. On LinkedIn, 'horizontal' format averages +13.4 klike_score points higher.",13.39
KLK-0262,LinkedIn,46.7,3,has_face,"Add a human face to your creative. On LinkedIn, creatives WITH this attribute score ~13.1 klike_score points higher on average; CTR could improve by ~33%.",13.11
KLK-0263,Meta,75.5,1,has_hook,"Add hook in the first 3 seconds to your creative. On Meta, creatives WITH this attribute score ~17.9 klike_score points higher on average; CTR could improve by ~34%.",17.86
KLK-0263,Meta,75.5,2,text_density,"Switch text density from 'low' to 'medium'. On Meta, 'medium' text density averages +8.5 klike_score points higher.",8.55
KLK-0263,Meta,75.5,3,video_duration_s,"Increase video duration from 13s to ~75s. The optimal duration bucket for Meta is '>60s', which averages +6.1 klike_score points vs your current range.",6.13
KLK-0264,TikTok,66.8,1,has_cta,"Add a clear call-to-action to your creative. On TikTok, creatives WITH this attribute score ~9.1 klike_score points higher on average; CTR could improve by ~10%.",9.12
KLK-0264,TikTok,66.8,2,video_duration_s,"Increase video duration from 9s to ~38s. The optimal duration bucket for TikTok is '31-45s', which averages +8.8 klike_score points vs your current range.",8.79
KLK-0264,TikTok,66.8,3,has_subtitle,"Add subtitles / captions to your creative. On TikTok, creatives WITH this attribute score ~7.9 klike_score points higher on average; CTR could improve by ~11%.",7.95
KLK-0265,LinkedIn,13.4,1,video_duration_s,"Increase video duration from 57s to ~75s. The optimal duration bucket for LinkedIn is '>60s', which averages +26.0 klike_score points vs your current range.",26.03
KLK-0265,LinkedIn,13.4,2,has_hook,"Add hook in the first 3 seconds to your creative. On LinkedIn, creatives WITH this attribute score ~15.9 klike_score points higher on average; CTR could improve by ~52%.",15.95
KLK-0265,LinkedIn,13.4,3,text_density,"Switch text density from 'high' to 'medium'. On LinkedIn, 'medium' text density averages +15.0 klike_score points higher.",15.03
KLK-0266,TikTok,33.3,1,has_hook,"Add hook in the first 3 seconds to your creative. On TikTok, creatives WITH this attribute score ~17.3 klike_score points higher on average; CTR could improve by ~40%.",17.29
KLK-0266,TikTok,33.3,2,video_duration_s,"Increase video duration from 19s to ~38s. The optimal duration bucket for TikTok is '31-45s', which averages +13.4 klike_score points vs your current range.",13.42
KLK-0266,TikTok,33.3,3,has_face,"Add a human face to your creative. On TikTok, creatives WITH this attribute score ~10.7 klike_score points higher on average; CTR could improve by ~38% — efeito especialmente forte para a faixa etária 25-34.",10.69
KLK-0267,TikTok,65.5,1,has_hook,"Add hook in the first 3 seconds to your creative. On TikTok, creatives WITH this attribute score ~17.3 klike_score points higher on average; CTR could improve by ~40%.",17.29
KLK-0267,TikTok,65.5,2,has_cta,"Add a clear call-to-action to your creative. On TikTok, creatives WITH this attribute score ~9.1 klike_score points higher on average; CTR could improve by ~10%.",9.12
KLK-0267,TikTok,65.5,3,video_duration_s,"Increase video duration from 5s to ~38s. The optimal duration bucket for TikTok is '31-45s', which averages +8.8 klike_score points vs your current range.",8.79
KLK-0268,TikTok,47.0,1,has_hook,"Add hook in the first 3 seconds to your creative. On TikTok, creatives WITH this attribute score ~17.3 klike_score points higher on average; CTR could improve by ~40%.",17.29
KLK-0268,TikTok,47.0,2,text_density,"Switch text density from 'high' to 'medium'. On TikTok, 'medium' text density averages +11.6 klike_score points higher.",11.61
KLK-0268,TikTok,47.0,3,has_cta,"Add a clear call-to-action to your creative. On TikTok, creatives WITH this attribute score ~9.1 klike_score points higher on average; CTR could improve by ~10%.",9.12
KLK-0269,Meta,72.2,1,has_face,"Add a human face to your creative. On Meta, creatives WITH this attribute score ~12.9 klike_score points higher on average; CTR could improve by ~11%.",12.94
KLK-0269,Meta,72.2,2,has_subtitle,"Add subtitles / captions to your creative. On Meta, creatives WITH this attribute score ~7.5 klike_score points higher on average; CTR could improve by ~13%.",7.48
KLK-0269,Meta,72.2,3,format,"Switch ad format from 'vertical' to 'quadrado'. On Meta, 'quadrado' format averages +3.7 klike_score points higher.",3.65
KLK-0270,Meta,63.7,1,has_hook,"Add hook in the first 3 seconds to your creative. On Meta, creatives WITH this attribute score ~17.9 klike_score points higher on average; CTR could improve by ~34%.",17.86
KLK-0270,Meta,63.7,2,text_density,"Switch text density from 'low' to 'medium'. On Meta, 'medium' text density averages +8.5 klike_score points higher.",8.55
KLK-0270,Meta,63.7,3,has_cta,"Add a clear call-to-action to your creative. On Meta, creatives WITH this attribute score ~7.6 klike_score points higher on average; CTR could improve by ~6%.",7.61
KLK-0271,TikTok,64.3,1,has_hook,"Add hook in the first 3 seconds to your creative. On TikTok, creatives WITH this attribute score ~17.3 klike_score points higher on average; CTR could improve by ~40%.",17.29
KLK-0271,TikTok,64.3,2,text_density,"Switch text density from 'high' to 'medium'. On TikTok, 'medium' text density averages +11.6 klike_score points higher.",11.61
KLK-0271,TikTok,64.3,3,format,"Switch ad format from 'quadrado' to 'vertical'. On TikTok, 'vertical' format averages +9.1 klike_score points higher.",9.08
KLK-0272,TikTok,50.4,1,has_cta,"Add a clear call-to-action to your creative. On TikTok, creatives WITH this attribute score ~9.1 klike_score points higher on average; CTR could improve by ~10%.",9.12
KLK-0272,TikTok,50.4,2,has_subtitle,"Add subtitles / captions to your creative. On TikTok, creatives WITH this attribute score ~7.9 klike_score points higher on average; CTR could improve by ~11%.",7.95
KLK-0272,TikTok,50.4,3,video_duration_s,"Increase video duration from 21s to ~38s. The optimal duration bucket for TikTok is '31-45s', which averages +7.7 klike_score points vs your current range.",7.72
KLK-0273,LinkedIn,52.2,1,has_hook,"Add hook in the first 3 seconds to your creative. On LinkedIn, creatives WITH this attribute score ~15.9 klike_score points higher on average; CTR could improve by ~52%.",15.95
KLK-0273,LinkedIn,52.2,2,video_duration_s,"Increase video duration from 27s to ~75s. The optimal duration bucket for LinkedIn is '>60s', which averages +7.4 klike_score points vs your current range.",7.43
KLK-0273,LinkedIn,52.2,3,has_subtitle,"Add subtitles / captions to your creative. On LinkedIn, creatives WITH this attribute score ~5.2 klike_score points higher on average; CTR could improve by ~-5%.",5.22
KLK-0274,LinkedIn,43.9,1,text_density,"Switch text density from 'high' to 'medium'. On LinkedIn, 'medium' text density averages +15.0 klike_score points higher.",15.03
KLK-0274,LinkedIn,43.9,2,has_face,"Add a human face to your creative. On LinkedIn, creatives WITH this attribute score ~13.1 klike_score points higher on average; CTR could improve by ~33% — efeito especialmente forte para a faixa etária 25-34.",13.11
KLK-0274,LinkedIn,43.9,3,has_cta,"Add a clear call-to-action to your creative. On LinkedIn, creatives WITH this attribute score ~8.8 klike_score points higher on average; CTR could improve by ~13%.",8.77
KLK-0275,TikTok,53.8,1,has_hook,"Add hook in the first 3 seconds to your creative. On TikTok, creatives WITH this attribute score ~17.3 klike_score points higher on average; CTR could improve by ~40%.",17.29
KLK-0275,TikTok,53.8,2,video_duration_s,"Increase video duration from 18s to ~38s. The optimal duration bucket for TikTok is '31-45s', which averages +13.4 klike_score points vs your current range.",13.42
KLK-0275,TikTok,53.8,3,has_subtitle,"Add subtitles / captions to your creative. On TikTok, creatives WITH this attribute score ~7.9 klike_score points higher on average; CTR could improve by ~11%.",7.95
KLK-0276,TikTok,71.3,1,has_hook,"Add hook in the first 3 seconds to your creative. On TikTok, creatives WITH this attribute score ~17.3 klike_score points higher on average; CTR could improve by ~40%.",17.29
KLK-0276,TikTok,71.3,2,has_face,"Add a human face to your creative. On TikTok, creatives WITH this attribute score ~10.7 klike_score points higher on average; CTR could improve by ~38%.",10.69
KLK-0276,TikTok,71.3,3,video_duration_s,"Increase video duration from 6s to ~38s. The optimal duration bucket for TikTok is '31-45s', which averages +8.8 klike_score points vs your current range.",8.79
KLK-0277,TikTok,90.6,1,text_density,"Switch text density from 'low' to 'medium'. On TikTok, 'medium' text density averages +3.2 klike_score points higher.",3.22
KLK-0278,TikTok,49.7,1,has_hook,"Add hook in the first 3 seconds to your creative. On TikTok, creatives WITH this attribute score ~17.3 klike_score points higher on average; CTR could improve by ~40%.",17.29
KLK-0278,TikTok,49.7,2,has_face,"Add a human face to your creative. On TikTok, creatives WITH this attribute score ~10.7 klike_score points higher on average; CTR could improve by ~38%.",10.69
KLK-0278,TikTok,49.7,3,has_cta,"Add a clear call-to-action to your creative. On TikTok, creatives WITH this attribute score ~9.1 klike_score points higher on average; CTR could improve by ~10%.",9.12
KLK-0279,TikTok,53.8,1,has_face,"Add a human face to your creative. On TikTok, creatives WITH this attribute score ~10.7 klike_score points higher on average; CTR could improve by ~38%.",10.69
KLK-0279,TikTok,53.8,2,video_duration_s,"Increase video duration from 6s to ~38s. The optimal duration bucket for TikTok is '31-45s', which averages +8.8 klike_score points vs your current range.",8.79
KLK-0279,TikTok,53.8,3,has_subtitle,"Add subtitles / captions to your creative. On TikTok, creatives WITH this attribute score ~7.9 klike_score points higher on average; CTR could improve by ~11%.",7.95
KLK-0280,TikTok,50.8,1,has_hook,"Add hook in the first 3 seconds to your creative. On TikTok, creatives WITH this attribute score ~17.3 klike_score points higher on average; CTR could improve by ~40%.",17.29
KLK-0280,TikTok,50.8,2,has_face,"Add a human face to your creative. On TikTok, creatives WITH this attribute score ~10.7 klike_score points higher on average; CTR could improve by ~38%.",10.69
KLK-0280,TikTok,50.8,3,video_duration_s,"Increase video duration from 7s to ~38s. The optimal duration bucket for TikTok is '31-45s', which averages +8.8 klike_score points vs your current range.",8.79
KLK-0281,LinkedIn,47.2,1,text_density,"Switch text density from 'high' to 'medium'. On LinkedIn, 'medium' text density averages +15.0 klike_score points higher.",15.03
KLK-0281,LinkedIn,47.2,2,has_face,"Add a human face to your creative. On LinkedIn, creatives WITH this attribute score ~13.1 klike_score points higher on average; CTR could improve by ~33%.",13.11
KLK-0281,LinkedIn,47.2,3,video_duration_s,"Increase video duration from 15s to ~75s. The optimal duration bucket for LinkedIn is '>60s', which averages +10.1 klike_score points vs your current range.",10.12
KLK-0282,Meta,21.1,1,text_density,"Switch text density from 'high' to 'medium'. On Meta, 'medium' text density averages +18.3 klike_score points higher.",18.35
KLK-0282,Meta,21.1,2,has_hook,"Add hook in the first 3 seconds to your creative. On Meta, creatives WITH this attribute score ~17.9 klike_score points higher on average; CTR could improve by ~34%.",17.86
KLK-0282,Meta,21.1,3,has_face,"Add a human face to your creative. On Meta, creatives WITH this attribute score ~12.9 klike_score points higher on average; CTR could improve by ~11%.",12.94
KLK-0283,Meta,74.1,1,text_density,"Switch text density from 'high' to 'medium'. On Meta, 'medium' text density averages +18.3 klike_score points higher.",18.35
KLK-0283,Meta,74.1,2,has_subtitle,"Add subtitles / captions to your creative. On Meta, creatives WITH this attribute score ~7.5 klike_score points higher on average; CTR could improve by ~13%.",7.48
KLK-0283,Meta,74.1,3,video_duration_s,"Increase video duration from 22s to ~75s. The optimal duration bucket for Meta is '>60s', which averages +6.4 klike_score points vs your current range.",6.43
KLK-0284,Meta,45.5,1,has_hook,"Add hook in the first 3 seconds to your creative. On Meta, creatives WITH this attribute score ~17.9 klike_score points higher on average; CTR could improve by ~34%.",17.86
KLK-0284,Meta,45.5,2,has_face,"Add a human face to your creative. On Meta, creatives WITH this attribute score ~12.9 klike_score points higher on average; CTR could improve by ~11%.",12.94
KLK-0284,Meta,45.5,3,text_density,"Switch text density from 'low' to 'medium'. On Meta, 'medium' text density averages +8.5 klike_score points higher.",8.55
KLK-0285,TikTok,71.7,1,video_duration_s,"Increase video duration from 13s to ~38s. The optimal duration bucket for TikTok is '31-45s', which averages +13.4 klike_score points vs your current range.",13.42
KLK-0285,TikTok,71.7,2,has_face,"Add a human face to your creative. On TikTok, creatives WITH this attribute score ~10.7 klike_score points higher on average; CTR could improve by ~38%.",10.69
KLK-0285,TikTok,71.7,3,has_subtitle,"Add subtitles / captions to your creative. On TikTok, creatives WITH this attribute score ~7.9 klike_score points higher on average; CTR could improve by ~11%.",7.95
KLK-0286,Meta,40.8,1,text_density,"Switch text density from 'high' to 'medium'. On Meta, 'medium' text density averages +18.3 klike_score points higher.",18.35
KLK-0286,Meta,40.8,2,has_hook,"Add hook in the first 3 seconds to your creative. On Meta, creatives WITH this attribute score ~17.9 klike_score points higher on average; CTR could improve by ~34%.",17.86
KLK-0286,Meta,40.8,3,video_duration_s,"Increase video duration from 11s to ~75s. The optimal duration bucket for Meta is '>60s', which averages +6.1 klike_score points vs your current range.",6.13
KLK-0287,Meta,61.7,1,text_density,"Switch text density from 'high' to 'medium'. On Meta, 'medium' text density averages +18.3 klike_score points higher.",18.35
KLK-0287,Meta,61.7,2,has_hook,"Add hook in the first 3 seconds to your creative. On Meta, creatives WITH this attribute score ~17.9 klike_score points higher on average; CTR could improve by ~34%.",17.86
KLK-0287,Meta,61.7,3,video_duration_s,"Increase video duration from 24s to ~75s. The optimal duration bucket for Meta is '>60s', which averages +6.4 klike_score points vs your current range.",6.43
KLK-0288,TikTok,59.0,1,has_hook,"Add hook in the first 3 seconds to your creative. On TikTok, creatives WITH this attribute score ~17.3 klike_score points higher on average; CTR could improve by ~40%.",17.29
KLK-0288,TikTok,59.0,2,has_face,"Add a human face to your creative. On TikTok, creatives WITH this attribute score ~10.7 klike_score points higher on average; CTR could improve by ~38% — efeito especialmente forte para a faixa etária 25-34.",10.69
KLK-0288,TikTok,59.0,3,video_duration_s,"Increase video duration from 6s to ~38s. The optimal duration bucket for TikTok is '31-45s', which averages +8.8 klike_score points vs your current range.",8.79
KLK-0289,Meta,60.6,1,has_hook,"Add hook in the first 3 seconds to your creative. On Meta, creatives WITH this attribute score ~17.9 klike_score points higher on average; CTR could improve by ~34%.",17.86
KLK-0289,Meta,60.6,2,has_face,"Add a human face to your creative. On Meta, creatives WITH this attribute score ~12.9 klike_score points higher on average; CTR could improve by ~11% — efeito especialmente forte para a faixa etária 25-34.",12.94
KLK-0289,Meta,60.6,3,text_density,"Switch text density from 'low' to 'medium'. On Meta, 'medium' text density averages +8.5 klike_score points higher.",8.55
KLK-0290,TikTok,58.2,1,has_hook,"Add hook in the first 3 seconds to your creative. On TikTok, creatives WITH this attribute score ~17.3 klike_score points higher on average; CTR could improve by ~40%.",17.29
KLK-0290,TikTok,58.2,2,video_duration_s,"Increase video duration from 18s to ~38s. The optimal duration bucket for TikTok is '31-45s', which averages +13.4 klike_score points vs your current range.",13.42
KLK-0290,TikTok,58.2,3,has_cta,"Add a clear call-to-action to your creative. On TikTok, creatives WITH this attribute score ~9.1 klike_score points higher on average; CTR could improve by ~10%.",9.12
KLK-0291,Meta,89.1,1,video_duration_s,"Increase video duration from 7s to ~75s. The optimal duration bucket for Meta is '>60s', which averages +5.4 klike_score points vs your current range.",5.4
KLK-0291,Meta,89.1,2,format,"Switch ad format from 'vertical' to 'quadrado'. On Meta, 'quadrado' format averages +3.7 klike_score points higher.",3.65
KLK-0292,Meta,75.9,1,has_face,"Add a human face to your creative. On Meta, creatives WITH this attribute score ~12.9 klike_score points higher on average; CTR could improve by ~11%.",12.94
KLK-0292,Meta,75.9,2,video_duration_s,"Increase video duration from 15s to ~75s. The optimal duration bucket for Meta is '>60s', which averages +6.1 klike_score points vs your current range.",6.13
KLK-0292,Meta,75.9,3,format,"Switch ad format from 'vertical' to 'quadrado'. On Meta, 'quadrado' format averages +3.7 klike_score points higher.",3.65
KLK-0293,TikTok,54.4,1,video_duration_s,"Increase video duration from 11s to ~38s. The optimal duration bucket for TikTok is '31-45s', which averages +13.4 klike_score points vs your current range.",13.42
KLK-0293,TikTok,54.4,2,text_density,"Switch text density from 'high' to 'medium'. On TikTok, 'medium' text density averages +11.6 klike_score points higher.",11.61
KLK-0293,TikTok,54.4,3,has_cta,"Add a clear call-to-action to your creative. On TikTok, creatives WITH this attribute score ~9.1 klike_score points higher on average; CTR could improve by ~10%.",9.12
KLK-0294,Meta,40.1,1,has_hook,"Add hook in the first 3 seconds to your creative. On Meta, creatives WITH this attribute score ~17.9 klike_score points higher on average; CTR could improve by ~34%.",17.86
KLK-0294,Meta,40.1,2,has_face,"Add a human face to your creative. On Meta, creatives WITH this attribute score ~12.9 klike_score points higher on average; CTR could improve by ~11%.",12.94
KLK-0294,Meta,40.1,3,text_density,"Switch text density from 'low' to 'medium'. On Meta, 'medium' text density averages +8.5 klike_score points higher.",8.55
KLK-0295,Meta,56.8,1,has_hook,"Add hook in the first 3 seconds to your creative. On Meta, creatives WITH this attribute score ~17.9 klike_score points higher on average; CTR could improve by ~34%.",17.86
KLK-0295,Meta,56.8,2,has_face,"Add a human face to your creative. On Meta, creatives WITH this attribute score ~12.9 klike_score points higher on average; CTR could improve by ~11%.",12.94
KLK-0295,Meta,56.8,3,text_density,"Switch text density from 'low' to 'medium'. On Meta, 'medium' text density averages +8.5 klike_score points higher.",8.55
KLK-0296,TikTok,61.2,1,has_face,"Add a human face to your creative. On TikTok, creatives WITH this attribute score ~10.7 klike_score points higher on average; CTR could improve by ~38%.",10.69
KLK-0296,TikTok,61.2,2,has_cta,"Add a clear call-to-action to your creative. On TikTok, creatives WITH this attribute score ~9.1 klike_score points higher on average; CTR could improve by ~10%.",9.12
KLK-0296,TikTok,61.2,3,format,"Switch ad format from 'quadrado' to 'vertical'. On TikTok, 'vertical' format averages +9.1 klike_score points higher.",9.08
KLK-0297,TikTok,75.6,1,has_hook,"Add hook in the first 3 seconds to your creative. On TikTok, creatives WITH this attribute score ~17.3 klike_score points higher on average; CTR could improve by ~40%.",17.29
KLK-0297,TikTok,75.6,2,has_cta,"Add a clear call-to-action to your creative. On TikTok, creatives WITH this attribute score ~9.1 klike_score points higher on average; CTR could improve by ~10%.",9.12
KLK-0297,TikTok,75.6,3,video_duration_s,"Increase video duration from 8s to ~38s. The optimal duration bucket for TikTok is '31-45s', which averages +8.8 klike_score points vs your current range.",8.79
KLK-0298,Meta,17.6,1,has_hook,"Add hook in the first 3 seconds to your creative. On Meta, creatives WITH this attribute score ~17.9 klike_score points higher on average; CTR could improve by ~34%.",17.86
KLK-0298,Meta,17.6,2,has_face,"Add a human face to your creative. On Meta, creatives WITH this attribute score ~12.9 klike_score points higher on average; CTR could improve by ~11%.",12.94
KLK-0298,Meta,17.6,3,text_density,"Switch text density from 'low' to 'medium'. On Meta, 'medium' text density averages +8.5 klike_score points higher.",8.55
KLK-0299,TikTok,44.0,1,has_hook,"Add hook in the first 3 seconds to your creative. On TikTok, creatives WITH this attribute score ~17.3 klike_score points higher on average; CTR could improve by ~40%.",17.29
KLK-0299,TikTok,44.0,2,video_duration_s,"Increase video duration from 13s to ~38s. The optimal duration bucket for TikTok is '31-45s', which averages +13.4 klike_score points vs your current range.",13.42
KLK-0299,TikTok,44.0,3,has_face,"Add a human face to your creative. On TikTok, creatives WITH this attribute score ~10.7 klike_score points higher on average; CTR could improve by ~38%.",10.69
KLK-0300,Meta,57.7,1,has_face,"Add a human face to your creative. On Meta, creatives WITH this attribute score ~12.9 klike_score points higher on average; CTR could improve by ~11%.",12.94
KLK-0300,Meta,57.7,2,has_cta,"Add a clear call-to-action to your creative. On Meta, creatives WITH this attribute score ~7.6 klike_score points higher on average; CTR could improve by ~6%.",7.61
KLK-0300,Meta,57.7,3,has_subtitle,"Add subtitles / captions to your creative. On Meta, creatives WITH this attribute score ~7.5 klike_score points higher on average; CTR could improve by ~13%.",7.48
KLK-0301,Meta,82.8,1,video_duration_s,"Increase video duration from 11s to ~75s. The optimal duration bucket for Meta is '>60s', which averages +6.1 klike_score points vs your current range.",6.13
KLK-0301,Meta,82.8,2,format,"Switch ad format from 'vertical' to 'quadrado'. On Meta, 'quadrado' format averages +3.7 klike_score points higher.",3.65
KLK-0302,TikTok,63.1,1,has_hook,"Add hook in the first 3 seconds to your creative. On TikTok, creatives WITH this attribute score ~17.3 klike_score points higher on average; CTR could improve by ~40%.",17.29
KLK-0302,TikTok,63.1,2,has_cta,"Add a clear call-to-action to your creative. On TikTok, creatives WITH this attribute score ~9.1 klike_score points higher on average; CTR could improve by ~10%.",9.12
KLK-0303,TikTok,41.1,1,has_hook,"Add hook in the first 3 seconds to your creative. On TikTok, creatives WITH this attribute score ~17.3 klike_score points higher on average; CTR could improve by ~40%.",17.29
KLK-0303,TikTok,41.1,2,has_face,"Add a human face to your creative. On TikTok, creatives WITH this attribute score ~10.7 klike_score points higher on average; CTR could improve by ~38% — efeito especialmente forte para a faixa etária 25-34.",10.69
KLK-0303,TikTok,41.1,3,video_duration_s,"Increase video duration from 6s to ~38s. The optimal duration bucket for TikTok is '31-45s', which averages +8.8 klike_score points vs your current range.",8.79
KLK-0304,TikTok,67.6,1,has_cta,"Add a clear call-to-action to your creative. On TikTok, creatives WITH this attribute score ~9.1 klike_score points higher on average; CTR could improve by ~10%.",9.12
KLK-0304,TikTok,67.6,2,video_duration_s,"Increase video duration from 5s to ~38s. The optimal duration bucket for TikTok is '31-45s', which averages +8.8 klike_score points vs your current range.",8.79
KLK-0305,TikTok,48.0,1,has_hook,"Add hook in the first 3 seconds to your creative. On TikTok, creatives WITH this attribute score ~17.3 klike_score points higher on average; CTR could improve by ~40%.",17.29
KLK-0305,TikTok,48.0,2,text_density,"Switch text density from 'high' to 'medium'. On TikTok, 'medium' text density averages +11.6 klike_score points higher.",11.61
KLK-0305,TikTok,48.0,3,video_duration_s,"Increase video duration from 5s to ~38s. The optimal duration bucket for TikTok is '31-45s', which averages +8.8 klike_score points vs your current range.",8.79
KLK-0306,LinkedIn,41.1,1,has_hook,"Add hook in the first 3 seconds to your creative. On LinkedIn, creatives WITH this attribute score ~15.9 klike_score points higher on average; CTR could improve by ~52%.",15.95
KLK-0306,LinkedIn,41.1,2,video_duration_s,"Increase video duration from 19s to ~75s. The optimal duration bucket for LinkedIn is '>60s', which averages +10.1 klike_score points vs your current range.",10.12
KLK-0306,LinkedIn,41.1,3,text_density,"Switch text density from 'low' to 'medium'. On LinkedIn, 'medium' text density averages +5.9 klike_score points higher.",5.9
KLK-0307,TikTok,38.8,1,has_hook,"Add hook in the first 3 seconds to your creative. On TikTok, creatives WITH this attribute score ~17.3 klike_score points higher on average; CTR could improve by ~40%.",17.29
KLK-0307,TikTok,38.8,2,text_density,"Switch text density from 'high' to 'medium'. On TikTok, 'medium' text density averages +11.6 klike_score points higher.",11.61
KLK-0307,TikTok,38.8,3,has_face,"Add a human face to your creative. On TikTok, creatives WITH this attribute score ~10.7 klike_score points higher on average; CTR could improve by ~38%.",10.69
KLK-0308,Meta,43.9,1,has_hook,"Add hook in the first 3 seconds to your creative. On Meta, creatives WITH this attribute score ~17.9 klike_score points higher on average; CTR could improve by ~34%.",17.86
KLK-0308,Meta,43.9,2,text_density,"Switch text density from 'low' to 'medium'. On Meta, 'medium' text density averages +8.5 klike_score points higher.",8.55
KLK-0308,Meta,43.9,3,has_cta,"Add a clear call-to-action to your creative. On Meta, creatives WITH this attribute score ~7.6 klike_score points higher on average; CTR could improve by ~6%.",7.61
KLK-0309,TikTok,87.8,1,text_density,"Switch text density from 'high' to 'medium'. On TikTok, 'medium' text density averages +11.6 klike_score points higher.",11.61
KLK-0309,TikTok,87.8,2,video_duration_s,"Increase video duration from 9s to ~38s. The optimal duration bucket for TikTok is '31-45s', which averages +8.8 klike_score points vs your current range.",8.79
KLK-0310,Meta,73.5,1,has_cta,"Add a clear call-to-action to your creative. On Meta, creatives WITH this attribute score ~7.6 klike_score points higher on average; CTR could improve by ~6%.",7.61
KLK-0310,Meta,73.5,2,has_subtitle,"Add subtitles / captions to your creative. On Meta, creatives WITH this attribute score ~7.5 klike_score points higher on average; CTR could improve by ~13%.",7.48
KLK-0310,Meta,73.5,3,video_duration_s,"Increase video duration from 19s to ~75s. The optimal duration bucket for Meta is '>60s', which averages +6.1 klike_score points vs your current range.",6.13
KLK-0311,Meta,36.7,1,has_hook,"Add hook in the first 3 seconds to your creative. On Meta, creatives WITH this attribute score ~17.9 klike_score points higher on average; CTR could improve by ~34%.",17.86
KLK-0311,Meta,36.7,2,has_face,"Add a human face to your creative. On Meta, creatives WITH this attribute score ~12.9 klike_score points higher on average; CTR could improve by ~11%.",12.94
KLK-0311,Meta,36.7,3,text_density,"Switch text density from 'low' to 'medium'. On Meta, 'medium' text density averages +8.5 klike_score points higher.",8.55
KLK-0312,Meta,88.5,1,has_subtitle,"Add subtitles / captions to your creative. On Meta, creatives WITH this attribute score ~7.5 klike_score points higher on average; CTR could improve by ~13%.",7.48
KLK-0312,Meta,88.5,2,video_duration_s,"Increase video duration from 11s to ~75s. The optimal duration bucket for Meta is '>60s', which averages +6.1 klike_score points vs your current range.",6.13
KLK-0313,Meta,55.8,1,text_density,"Switch text density from 'low' to 'medium'. On Meta, 'medium' text density averages +8.5 klike_score points higher.",8.55
KLK-0313,Meta,55.8,2,has_cta,"Add a clear call-to-action to your creative. On Meta, creatives WITH this attribute score ~7.6 klike_score points higher on average; CTR could improve by ~6%.",7.61
KLK-0313,Meta,55.8,3,video_duration_s,"Increase video duration from 20s to ~75s. The optimal duration bucket for Meta is '>60s', which averages +6.1 klike_score points vs your current range.",6.13
KLK-0314,LinkedIn,58.2,1,text_density,"Switch text density from 'high' to 'medium'. On LinkedIn, 'medium' text density averages +15.0 klike_score points higher.",15.03
KLK-0314,LinkedIn,58.2,2,video_duration_s,"Increase video duration from 40s to ~75s. The optimal duration bucket for LinkedIn is '>60s', which averages +11.8 klike_score points vs your current range.",11.84
KLK-0314,LinkedIn,58.2,3,has_cta,"Add a clear call-to-action to your creative. On LinkedIn, creatives WITH this attribute score ~8.8 klike_score points higher on average; CTR could improve by ~13%.",8.77
KLK-0315,TikTok,74.9,1,has_face,"Add a human face to your creative. On TikTok, creatives WITH this attribute score ~10.7 klike_score points higher on average; CTR could improve by ~38% — efeito especialmente forte para a faixa etária 25-34.",10.69
KLK-0315,TikTok,74.9,2,video_duration_s,"Increase video duration from 7s to ~38s. The optimal duration bucket for TikTok is '31-45s', which averages +8.8 klike_score points vs your current range.",8.79
KLK-0315,TikTok,74.9,3,has_subtitle,"Add subtitles / captions to your creative. On TikTok, creatives WITH this attribute score ~7.9 klike_score points higher on average; CTR could improve by ~11%.",7.95
KLK-0316,TikTok,87.9,1,video_duration_s,"Increase video duration from 12s to ~38s. The optimal duration bucket for TikTok is '31-45s', which averages +13.4 klike_score points vs your current range.",13.42
KLK-0317,Meta,68.3,1,video_duration_s,"Increase video duration from 11s to ~75s. The optimal duration bucket for Meta is '>60s', which averages +6.1 klike_score points vs your current range.",6.13
KLK-0317,Meta,68.3,2,format,"Switch ad format from 'vertical' to 'quadrado'. On Meta, 'quadrado' format averages +3.7 klike_score points higher.",3.65
KLK-0318,Meta,83.4,1,has_subtitle,"Add subtitles / captions to your creative. On Meta, creatives WITH this attribute score ~7.5 klike_score points higher on average; CTR could improve by ~13%.",7.48
KLK-0318,Meta,83.4,2,video_duration_s,"Increase video duration from 8s to ~75s. The optimal duration bucket for Meta is '>60s', which averages +5.4 klike_score points vs your current range.",5.4
KLK-0318,Meta,83.4,3,format,"Switch ad format from 'vertical' to 'quadrado'. On Meta, 'quadrado' format averages +3.7 klike_score points higher.",3.65
KLK-0319,Meta,53.8,1,has_face,"Add a human face to your creative. On Meta, creatives WITH this attribute score ~12.9 klike_score points higher on average; CTR could improve by ~11% — efeito especialmente forte para a faixa etária 25-34.",12.94
KLK-0319,Meta,53.8,2,text_density,"Switch text density from 'low' to 'medium'. On Meta, 'medium' text density averages +8.5 klike_score points higher.",8.55
KLK-0319,Meta,53.8,3,video_duration_s,"Increase video duration from 7s to ~75s. The optimal duration bucket for Meta is '>60s', which averages +5.4 klike_score points vs your current range.",5.4
KLK-0320,Meta,56.7,1,has_hook,"Add hook in the first 3 seconds to your creative. On Meta, creatives WITH this attribute score ~17.9 klike_score points higher on average; CTR could improve by ~34%.",17.86
KLK-0320,Meta,56.7,2,has_face,"Add a human face to your creative. On Meta, creatives WITH this attribute score ~12.9 klike_score points higher on average; CTR could improve by ~11% — efeito especialmente forte para a faixa etária 25-34.",12.94
KLK-0320,Meta,56.7,3,has_cta,"Add a clear call-to-action to your creative. On Meta, creatives WITH this attribute score ~7.6 klike_score points higher on average; CTR could improve by ~6%.",7.61
KLK-0321,TikTok,73.4,1,has_hook,"Add hook in the first 3 seconds to your creative. On TikTok, creatives WITH this attribute score ~17.3 klike_score points higher on average; CTR could improve by ~40%.",17.29
KLK-0321,TikTok,73.4,2,video_duration_s,"Increase video duration from 13s to ~38s. The optimal duration bucket for TikTok is '31-45s', which averages +13.4 klike_score points vs your current range.",13.42
KLK-0321,TikTok,73.4,3,has_face,"Add a human face to your creative. On TikTok, creatives WITH this attribute score ~10.7 klike_score points higher on average; CTR could improve by ~38%.",10.69
KLK-0322,TikTok,50.8,1,has_hook,"Add hook in the first 3 seconds to your creative. On TikTok, creatives WITH this attribute score ~17.3 klike_score points higher on average; CTR could improve by ~40%.",17.29
KLK-0322,TikTok,50.8,2,has_face,"Add a human face to your creative. On TikTok, creatives WITH this attribute score ~10.7 klike_score points higher on average; CTR could improve by ~38%.",10.69
KLK-0322,TikTok,50.8,3,has_cta,"Add a clear call-to-action to your creative. On TikTok, creatives WITH this attribute score ~9.1 klike_score points higher on average; CTR could improve by ~10%.",9.12
KLK-0323,TikTok,86.9,1,video_duration_s,"Increase video duration from 9s to ~38s. The optimal duration bucket for TikTok is '31-45s', which averages +8.8 klike_score points vs your current range.",8.79
KLK-0323,TikTok,86.9,2,has_subtitle,"Add subtitles / captions to your creative. On TikTok, creatives WITH this attribute score ~7.9 klike_score points higher on average; CTR could improve by ~11%.",7.95
KLK-0324,Meta,79.2,1,has_face,"Add a human face to your creative. On Meta, creatives WITH this attribute score ~12.9 klike_score points higher on average; CTR could improve by ~11% — efeito especialmente forte para a faixa etária 25-34.",12.94
KLK-0324,Meta,79.2,2,text_density,"Switch text density from 'low' to 'medium'. On Meta, 'medium' text density averages +8.5 klike_score points higher.",8.55
KLK-0324,Meta,79.2,3,video_duration_s,"Increase video duration from 27s to ~75s. The optimal duration bucket for Meta is '>60s', which averages +6.4 klike_score points vs your current range.",6.43
KLK-0325,LinkedIn,50.8,1,has_hook,"Add hook in the first 3 seconds to your creative. On LinkedIn, creatives WITH this attribute score ~15.9 klike_score points higher on average; CTR could improve by ~52%.",15.95
KLK-0325,LinkedIn,50.8,2,video_duration_s,"Increase video duration from 31s to ~75s. The optimal duration bucket for LinkedIn is '>60s', which averages +11.8 klike_score points vs your current range.",11.84
KLK-0325,LinkedIn,50.8,3,has_cta,"Add a clear call-to-action to your creative. On LinkedIn, creatives WITH this attribute score ~8.8 klike_score points higher on average; CTR could improve by ~13%.",8.77
KLK-0326,TikTok,29.4,1,has_hook,"Add hook in the first 3 seconds to your creative. On TikTok, creatives WITH this attribute score ~17.3 klike_score points higher on average; CTR could improve by ~40%.",17.29
KLK-0326,TikTok,29.4,2,text_density,"Switch text density from 'high' to 'medium'. On TikTok, 'medium' text density averages +11.6 klike_score points higher.",11.61
KLK-0326,TikTok,29.4,3,has_face,"Add a human face to your creative. On TikTok, creatives WITH this attribute score ~10.7 klike_score points higher on average; CTR could improve by ~38%.",10.69
KLK-0327,TikTok,74.5,1,format,"Switch ad format from 'quadrado' to 'vertical'. On TikTok, 'vertical' format averages +9.1 klike_score points higher.",9.08
KLK-0327,TikTok,74.5,2,video_duration_s,"Increase video duration from 28s to ~38s. The optimal duration bucket for TikTok is '31-45s', which averages +7.7 klike_score points vs your current range.",7.72
KLK-0327,TikTok,74.5,3,text_density,"Switch text density from 'low' to 'medium'. On TikTok, 'medium' text density averages +3.2 klike_score points higher.",3.22
KLK-0329,Meta,52.3,1,has_hook,"Add hook in the first 3 seconds to your creative. On Meta, creatives WITH this attribute score ~17.9 klike_score points higher on average; CTR could improve by ~34%.",17.86
KLK-0329,Meta,52.3,2,has_face,"Add a human face to your creative. On Meta, creatives WITH this attribute score ~12.9 klike_score points higher on average; CTR could improve by ~11%.",12.94
KLK-0329,Meta,52.3,3,text_density,"Switch text density from 'low' to 'medium'. On Meta, 'medium' text density averages +8.5 klike_score points higher.",8.55
KLK-0330,Meta,72.5,1,text_density,"Switch text density from 'low' to 'medium'. On Meta, 'medium' text density averages +8.5 klike_score points higher.",8.55
KLK-0330,Meta,72.5,2,video_duration_s,"Increase video duration from 5s to ~75s. The optimal duration bucket for Meta is '>60s', which averages +5.4 klike_score points vs your current range.",5.4
KLK-0330,Meta,72.5,3,format,"Switch ad format from 'horizontal' to 'quadrado'. On Meta, 'quadrado' format averages +3.6 klike_score points higher.",3.55
KLK-0331,Meta,62.2,1,has_face,"Add a human face to your creative. On Meta, creatives WITH this attribute score ~12.9 klike_score points higher on average; CTR could improve by ~11% — efeito especialmente forte para a faixa etária 25-34.",12.94
KLK-0331,Meta,62.2,2,text_density,"Switch text density from 'low' to 'medium'. On Meta, 'medium' text density averages +8.5 klike_score points higher.",8.55
KLK-0331,Meta,62.2,3,video_duration_s,"Increase video duration from 28s to ~75s. The optimal duration bucket for Meta is '>60s', which averages +6.4 klike_score points vs your current range.",6.43
KLK-0332,TikTok,61.7,1,has_hook,"Add hook in the first 3 seconds to your creative. On TikTok, creatives WITH this attribute score ~17.3 klike_score points higher on average; CTR could improve by ~40%.",17.29
KLK-0332,TikTok,61.7,2,video_duration_s,"Increase video duration from 5s to ~38s. The optimal duration bucket for TikTok is '31-45s', which averages +8.8 klike_score points vs your current range.",8.79
KLK-0333,Meta,79.1,1,format,"Switch ad format from 'horizontal' to 'quadrado'. On Meta, 'quadrado' format averages +3.6 klike_score points higher.",3.55
KLK-0333,Meta,79.1,2,video_duration_s,"Increase video duration from 40s to ~75s. The optimal duration bucket for Meta is '>60s', which averages +2.8 klike_score points vs your current range.",2.81
KLK-0334,Meta,39.2,1,has_face,"Add a human face to your creative. On Meta, creatives WITH this attribute score ~12.9 klike_score points higher on average; CTR could improve by ~11% — efeito especialmente forte para a faixa etária 25-34.",12.94
KLK-0334,Meta,39.2,2,text_density,"Switch text density from 'low' to 'medium'. On Meta, 'medium' text density averages +8.5 klike_score points higher.",8.55
KLK-0334,Meta,39.2,3,has_cta,"Add a clear call-to-action to your creative. On Meta, creatives WITH this attribute score ~7.6 klike_score points higher on average; CTR could improve by ~6%.",7.61
KLK-0335,Meta,67.1,1,has_face,"Add a human face to your creative. On Meta, creatives WITH this attribute score ~12.9 klike_score points higher on average; CTR could improve by ~11% — efeito especialmente forte para a faixa etária 25-34.",12.94
KLK-0335,Meta,67.1,2,video_duration_s,"Increase video duration from 48s to ~75s. The optimal duration bucket for Meta is '>60s', which averages +9.6 klike_score points vs your current range.",9.64
KLK-0335,Meta,67.1,3,text_density,"Switch text density from 'low' to 'medium'. On Meta, 'medium' text density averages +8.5 klike_score points higher.",8.55
KLK-0336,Meta,48.0,1,text_density,"Switch text density from 'high' to 'medium'. On Meta, 'medium' text density averages +18.3 klike_score points higher.",18.35
KLK-0336,Meta,48.0,2,has_hook,"Add hook in the first 3 seconds to your creative. On Meta, creatives WITH this attribute score ~17.9 klike_score points higher on average; CTR could improve by ~34%.",17.86
KLK-0336,Meta,48.0,3,has_face,"Add a human face to your creative. On Meta, creatives WITH this attribute score ~12.9 klike_score points higher on average; CTR could improve by ~11% — efeito especialmente forte para a faixa etária 25-34.",12.94
KLK-0337,LinkedIn,59.5,1,video_duration_s,"Increase video duration from 20s to ~75s. The optimal duration bucket for LinkedIn is '>60s', which averages +10.1 klike_score points vs your current range.",10.12
KLK-0337,LinkedIn,59.5,2,text_density,"Switch text density from 'low' to 'medium'. On LinkedIn, 'medium' text density averages +5.9 klike_score points higher.",5.9
KLK-0337,LinkedIn,59.5,3,has_subtitle,"Add subtitles / captions to your creative. On LinkedIn, creatives WITH this attribute score ~5.2 klike_score points higher on average; CTR could improve by ~-5%.",5.22
KLK-0338,TikTok,78.8,1,text_density,"Switch text density from 'high' to 'medium'. On TikTok, 'medium' text density averages +11.6 klike_score points higher.",11.61
KLK-0338,TikTok,78.8,2,has_cta,"Add a clear call-to-action to your creative. On TikTok, creatives WITH this attribute score ~9.1 klike_score points higher on average; CTR could improve by ~10%.",9.12
KLK-0338,TikTok,78.8,3,video_duration_s,"Increase video duration from 10s to ~38s. The optimal duration bucket for TikTok is '31-45s', which averages +8.8 klike_score points vs your current range.",8.79
KLK-0339,Meta,44.0,1,has_face,"Add a human face to your creative. On Meta, creatives WITH this attribute score ~12.9 klike_score points higher on average; CTR could improve by ~11% — efeito especialmente forte para a faixa etária 25-34.",12.94
KLK-0339,Meta,44.0,2,text_density,"Switch text density from 'low' to 'medium'. On Meta, 'medium' text density averages +8.5 klike_score points higher.",8.55
KLK-0339,Meta,44.0,3,has_cta,"Add a clear call-to-action to your creative. On Meta, creatives WITH this attribute score ~7.6 klike_score points higher on average; CTR could improve by ~6%.",7.61
KLK-0340,Meta,45.7,1,has_hook,"Add hook in the first 3 seconds to your creative. On Meta, creatives WITH this attribute score ~17.9 klike_score points higher on average; CTR could improve by ~34%.",17.86
KLK-0340,Meta,45.7,2,has_face,"Add a human face to your creative. On Meta, creatives WITH this attribute score ~12.9 klike_score points higher on average; CTR could improve by ~11%.",12.94
KLK-0340,Meta,45.7,3,has_subtitle,"Add subtitles / captions to your creative. On Meta, creatives WITH this attribute score ~7.5 klike_score points higher on average; CTR could improve by ~13%.",7.48
KLK-0341,Meta,75.0,1,text_density,"Switch text density from 'low' to 'medium'. On Meta, 'medium' text density averages +8.5 klike_score points higher.",8.55
KLK-0341,Meta,75.0,2,has_cta,"Add a clear call-to-action to your creative. On Meta, creatives WITH this attribute score ~7.6 klike_score points higher on average; CTR could improve by ~6%.",7.61
KLK-0341,Meta,75.0,3,video_duration_s,"Increase video duration from 25s to ~75s. The optimal duration bucket for Meta is '>60s', which averages +6.4 klike_score points vs your current range.",6.43
KLK-0342,Meta,25.7,1,text_density,"Switch text density from 'high' to 'medium'. On Meta, 'medium' text density averages +18.3 klike_score points higher.",18.35
KLK-0342,Meta,25.7,2,has_hook,"Add hook in the first 3 seconds to your creative. On Meta, creatives WITH this attribute score ~17.9 klike_score points higher on average; CTR could improve by ~34%.",17.86
KLK-0342,Meta,25.7,3,has_face,"Add a human face to your creative. On Meta, creatives WITH this attribute score ~12.9 klike_score points higher on average; CTR could improve by ~11%.",12.94
KLK-0343,Meta,65.1,1,has_face,"Add a human face to your creative. On Meta, creatives WITH this attribute score ~12.9 klike_score points higher on average; CTR could improve by ~11%.",12.94
KLK-0343,Meta,65.1,2,has_subtitle,"Add subtitles / captions to your creative. On Meta, creatives WITH this attribute score ~7.5 klike_score points higher on average; CTR could improve by ~13%.",7.48
KLK-0343,Meta,65.1,3,video_duration_s,"Increase video duration from 11s to ~75s. The optimal duration bucket for Meta is '>60s', which averages +6.1 klike_score points vs your current range.",6.13
KLK-0344,Meta,52.6,1,has_hook,"Add hook in the first 3 seconds to your creative. On Meta, creatives WITH this attribute score ~17.9 klike_score points higher on average; CTR could improve by ~34%.",17.86
KLK-0344,Meta,52.6,2,has_face,"Add a human face to your creative. On Meta, creatives WITH this attribute score ~12.9 klike_score points higher on average; CTR could improve by ~11%.",12.94
KLK-0344,Meta,52.6,3,text_density,"Switch text density from 'low' to 'medium'. On Meta, 'medium' text density averages +8.5 klike_score points higher.",8.55
KLK-0345,Meta,51.6,1,has_hook,"Add hook in the first 3 seconds to your creative. On Meta, creatives WITH this attribute score ~17.9 klike_score points higher on average; CTR could improve by ~34%.",17.86
KLK-0345,Meta,51.6,2,has_face,"Add a human face to your creative. On Meta, creatives WITH this attribute score ~12.9 klike_score points higher on average; CTR could improve by ~11%.",12.94
KLK-0345,Meta,51.6,3,text_density,"Switch text density from 'low' to 'medium'. On Meta, 'medium' text density averages +8.5 klike_score points higher.",8.55
KLK-0346,TikTok,76.5,1,has_face,"Add a human face to your creative. On TikTok, creatives WITH this attribute score ~10.7 klike_score points higher on average; CTR could improve by ~38%.",10.69
KLK-0346,TikTok,76.5,2,has_cta,"Add a clear call-to-action to your creative. On TikTok, creatives WITH this attribute score ~9.1 klike_score points higher on average; CTR could improve by ~10%.",9.12
KLK-0347,TikTok,67.3,1,has_cta,"Add a clear call-to-action to your creative. On TikTok, creatives WITH this attribute score ~9.1 klike_score points higher on average; CTR could improve by ~10%.",9.12
KLK-0347,TikTok,67.3,2,video_duration_s,"Increase video duration from 9s to ~38s. The optimal duration bucket for TikTok is '31-45s', which averages +8.8 klike_score points vs your current range.",8.79
KLK-0347,TikTok,67.3,3,has_subtitle,"Add subtitles / captions to your creative. On TikTok, creatives WITH this attribute score ~7.9 klike_score points higher on average; CTR could improve by ~11%.",7.95
KLK-0348,Meta,38.4,1,text_density,"Switch text density from 'low' to 'medium'. On Meta, 'medium' text density averages +8.5 klike_score points higher.",8.55
KLK-0348,Meta,38.4,2,has_subtitle,"Add subtitles / captions to your creative. On Meta, creatives WITH this attribute score ~7.5 klike_score points higher on average; CTR could improve by ~13%.",7.48
KLK-0348,Meta,38.4,3,video_duration_s,"Increase video duration from 29s to ~75s. The optimal duration bucket for Meta is '>60s', which averages +6.4 klike_score points vs your current range.",6.43
KLK-0349,Meta,61.4,1,has_face,"Add a human face to your creative. On Meta, creatives WITH this attribute score ~12.9 klike_score points higher on average; CTR could improve by ~11% — efeito especialmente forte para a faixa etária 25-34.",12.94
KLK-0349,Meta,61.4,2,text_density,"Switch text density from 'low' to 'medium'. On Meta, 'medium' text density averages +8.5 klike_score points higher.",8.55
KLK-0349,Meta,61.4,3,has_subtitle,"Add subtitles / captions to your creative. On Meta, creatives WITH this attribute score ~7.5 klike_score points higher on average; CTR could improve by ~13%.",7.48
KLK-0350,TikTok,49.8,1,has_hook,"Add hook in the first 3 seconds to your creative. On TikTok, creatives WITH this attribute score ~17.3 klike_score points higher on average; CTR could improve by ~40%.",17.29
KLK-0350,TikTok,49.8,2,video_duration_s,"Increase video duration from 15s to ~38s. The optimal duration bucket for TikTok is '31-45s', which averages +13.4 klike_score points vs your current range.",13.42
KLK-0350,TikTok,49.8,3,text_density,"Switch text density from 'high' to 'medium'. On TikTok, 'medium' text density averages +11.6 klike_score points higher.",11.61
KLK-0351,TikTok,85.4,1,video_duration_s,"Increase video duration from 20s to ~38s. The optimal duration bucket for TikTok is '31-45s', which averages +13.4 klike_score points vs your current range.",13.42
KLK-0351,TikTok,85.4,2,text_density,"Switch text density from 'low' to 'medium'. On TikTok, 'medium' text density averages +3.2 klike_score points higher.",3.22
KLK-0352,LinkedIn,90.0,1,video_duration_s,"Increase video duration from 10s to ~75s. The optimal duration bucket for LinkedIn is '>60s', which averages +16.9 klike_score points vs your current range.",16.87
KLK-0352,LinkedIn,90.0,2,format,"Switch ad format from 'quadrado' to 'horizontal'. On LinkedIn, 'horizontal' format averages +2.3 klike_score points higher.",2.3
KLK-0353,TikTok,68.7,1,video_duration_s,"Increase video duration from 12s to ~38s. The optimal duration bucket for TikTok is '31-45s', which averages +13.4 klike_score points vs your current range.",13.42
KLK-0353,TikTok,68.7,2,has_subtitle,"Add subtitles / captions to your creative. On TikTok, creatives WITH this attribute score ~7.9 klike_score points higher on average; CTR could improve by ~11%.",7.95
KLK-0354,Meta,32.9,1,text_density,"Switch text density from 'high' to 'medium'. On Meta, 'medium' text density averages +18.3 klike_score points higher.",18.35
KLK-0354,Meta,32.9,2,has_hook,"Add hook in the first 3 seconds to your creative. On Meta, creatives WITH this attribute score ~17.9 klike_score points higher on average; CTR could improve by ~34%.",17.86
KLK-0354,Meta,32.9,3,has_face,"Add a human face to your creative. On Meta, creatives WITH this attribute score ~12.9 klike_score points higher on average; CTR could improve by ~11% — efeito especialmente forte para a faixa etária 25-34.",12.94
KLK-0355,Meta,44.6,1,text_density,"Switch text density from 'high' to 'medium'. On Meta, 'medium' text density averages +18.3 klike_score points higher.",18.35
KLK-0355,Meta,44.6,2,has_face,"Add a human face to your creative. On Meta, creatives WITH this attribute score ~12.9 klike_score points higher on average; CTR could improve by ~11%.",12.94
KLK-0355,Meta,44.6,3,has_subtitle,"Add subtitles / captions to your creative. On Meta, creatives WITH this attribute score ~7.5 klike_score points higher on average; CTR could improve by ~13%.",7.48
KLK-0356,TikTok,84.3,1,video_duration_s,"Increase video duration from 14s to ~38s. The optimal duration bucket for TikTok is '31-45s', which averages +13.4 klike_score points vs your current range.",13.42
KLK-0356,TikTok,84.3,2,text_density,"Switch text density from 'high' to 'medium'. On TikTok, 'medium' text density averages +11.6 klike_score points higher.",11.61
KLK-0357,Meta,60.2,1,text_density,"Switch text density from 'low' to 'medium'. On Meta, 'medium' text density averages +8.5 klike_score points higher.",8.55
KLK-0357,Meta,60.2,2,video_duration_s,"Increase video duration from 24s to ~75s. The optimal duration bucket for Meta is '>60s', which averages +6.4 klike_score points vs your current range.",6.43
KLK-0357,Meta,60.2,3,format,"Switch ad format from 'vertical' to 'quadrado'. On Meta, 'quadrado' format averages +3.7 klike_score points higher.",3.65
KLK-0358,TikTok,22.4,1,has_hook,"Add hook in the first 3 seconds to your creative. On TikTok, creatives WITH this attribute score ~17.3 klike_score points higher on average; CTR could improve by ~40%.",17.29
KLK-0358,TikTok,22.4,2,video_duration_s,"Increase video duration from 13s to ~38s. The optimal duration bucket for TikTok is '31-45s', which averages +13.4 klike_score points vs your current range.",13.42
KLK-0358,TikTok,22.4,3,text_density,"Switch text density from 'high' to 'medium'. On TikTok, 'medium' text density averages +11.6 klike_score points higher.",11.61
KLK-0359,LinkedIn,43.6,1,has_hook,"Add hook in the first 3 seconds to your creative. On LinkedIn, creatives WITH this attribute score ~15.9 klike_score points higher on average; CTR could improve by ~52%.",15.95
KLK-0359,LinkedIn,43.6,2,has_face,"Add a human face to your creative. On LinkedIn, creatives WITH this attribute score ~13.1 klike_score points higher on average; CTR could improve by ~33% — efeito especialmente forte para a faixa etária 25-34.",13.11
KLK-0359,LinkedIn,43.6,3,video_duration_s,"Increase video duration from 20s to ~75s. The optimal duration bucket for LinkedIn is '>60s', which averages +10.1 klike_score points vs your current range.",10.12
KLK-0360,TikTok,70.5,1,has_face,"Add a human face to your creative. On TikTok, creatives WITH this attribute score ~10.7 klike_score points higher on average; CTR could improve by ~38%.",10.69
KLK-0360,TikTok,70.5,2,has_cta,"Add a clear call-to-action to your creative. On TikTok, creatives WITH this attribute score ~9.1 klike_score points higher on average; CTR could improve by ~10%.",9.12
KLK-0361,Meta,60.6,1,has_face,"Add a human face to your creative. On Meta, creatives WITH this attribute score ~12.9 klike_score points higher on average; CTR could improve by ~11%.",12.94
KLK-0361,Meta,60.6,2,has_subtitle,"Add subtitles / captions to your creative. On Meta, creatives WITH this attribute score ~7.5 klike_score points higher on average; CTR could improve by ~13%.",7.48
KLK-0361,Meta,60.6,3,video_duration_s,"Increase video duration from 17s to ~75s. The optimal duration bucket for Meta is '>60s', which averages +6.1 klike_score points vs your current range.",6.13
KLK-0362,TikTok,79.7,1,video_duration_s,"Increase video duration from 11s to ~38s. The optimal duration bucket for TikTok is '31-45s', which averages +13.4 klike_score points vs your current range.",13.42
KLK-0362,TikTok,79.7,2,has_cta,"Add a clear call-to-action to your creative. On TikTok, creatives WITH this attribute score ~9.1 klike_score points higher on average; CTR could improve by ~10%.",9.12
KLK-0362,TikTok,79.7,3,text_density,"Switch text density from 'low' to 'medium'. On TikTok, 'medium' text density averages +3.2 klike_score points higher.",3.22
KLK-0363,Meta,50.7,1,text_density,"Switch text density from 'high' to 'medium'. On Meta, 'medium' text density averages +18.3 klike_score points higher.",18.35
KLK-0363,Meta,50.7,2,has_cta,"Add a clear call-to-action to your creative. On Meta, creatives WITH this attribute score ~7.6 klike_score points higher on average; CTR could improve by ~6%.",7.61
KLK-0363,Meta,50.7,3,has_subtitle,"Add subtitles / captions to your creative. On Meta, creatives WITH this attribute score ~7.5 klike_score points higher on average; CTR could improve by ~13%.",7.48
KLK-0364,TikTok,59.1,1,has_hook,"Add hook in the first 3 seconds to your creative. On TikTok, creatives WITH this attribute score ~17.3 klike_score points higher on average; CTR could improve by ~40%.",17.29
KLK-0364,TikTok,59.1,2,has_face,"Add a human face to your creative. On TikTok, creatives WITH this attribute score ~10.7 klike_score points higher on average; CTR could improve by ~38%.",10.69
KLK-0364,TikTok,59.1,3,video_duration_s,"Increase video duration from 6s to ~38s. The optimal duration bucket for TikTok is '31-45s', which averages +8.8 klike_score points vs your current range.",8.79
KLK-0365,LinkedIn,44.1,1,has_hook,"Add hook in the first 3 seconds to your creative. On LinkedIn, creatives WITH this attribute score ~15.9 klike_score points higher on average; CTR could improve by ~52%.",15.95
KLK-0365,LinkedIn,44.1,2,has_face,"Add a human face to your creative. On LinkedIn, creatives WITH this attribute score ~13.1 klike_score points higher on average; CTR could improve by ~33%.",13.11
KLK-0365,LinkedIn,44.1,3,has_subtitle,"Add subtitles / captions to your creative. On LinkedIn, creatives WITH this attribute score ~5.2 klike_score points higher on average; CTR could improve by ~-5%.",5.22
KLK-0366,Meta,55.8,1,has_face,"Add a human face to your creative. On Meta, creatives WITH this attribute score ~12.9 klike_score points higher on average; CTR could improve by ~11% — efeito especialmente forte para a faixa etária 25-34.",12.94
KLK-0366,Meta,55.8,2,has_cta,"Add a clear call-to-action to your creative. On Meta, creatives WITH this attribute score ~7.6 klike_score points higher on average; CTR could improve by ~6%.",7.61
KLK-0366,Meta,55.8,3,has_subtitle,"Add subtitles / captions to your creative. On Meta, creatives WITH this attribute score ~7.5 klike_score points higher on average; CTR could improve by ~13%.",7.48
KLK-0367,LinkedIn,39.5,1,has_hook,"Add hook in the first 3 seconds to your creative. On LinkedIn, creatives WITH this attribute score ~15.9 klike_score points higher on average; CTR could improve by ~52%.",15.95
KLK-0367,LinkedIn,39.5,2,text_density,"Switch text density from 'high' to 'medium'. On LinkedIn, 'medium' text density averages +15.0 klike_score points higher.",15.03
KLK-0367,LinkedIn,39.5,3,video_duration_s,"Increase video duration from 24s to ~75s. The optimal duration bucket for LinkedIn is '>60s', which averages +7.4 klike_score points vs your current range.",7.43
KLK-0368,LinkedIn,72.6,1,has_face,"Add a human face to your creative. On LinkedIn, creatives WITH this attribute score ~13.1 klike_score points higher on average; CTR could improve by ~33%.",13.11
KLK-0368,LinkedIn,72.6,2,video_duration_s,"Increase video duration from 12s to ~75s. The optimal duration bucket for LinkedIn is '>60s', which averages +10.1 klike_score points vs your current range.",10.12
KLK-0368,LinkedIn,72.6,3,text_density,"Switch text density from 'low' to 'medium'. On LinkedIn, 'medium' text density averages +5.9 klike_score points higher.",5.9
KLK-0369,Meta,28.6,1,has_hook,"Add hook in the first 3 seconds to your creative. On Meta, creatives WITH this attribute score ~17.9 klike_score points higher on average; CTR could improve by ~34%.",17.86
KLK-0369,Meta,28.6,2,has_face,"Add a human face to your creative. On Meta, creatives WITH this attribute score ~12.9 klike_score points higher on average; CTR could improve by ~11%.",12.94
KLK-0369,Meta,28.6,3,text_density,"Switch text density from 'low' to 'medium'. On Meta, 'medium' text density averages +8.5 klike_score points higher.",8.55
KLK-0370,Meta,56.7,1,has_hook,"Add hook in the first 3 seconds to your creative. On Meta, creatives WITH this attribute score ~17.9 klike_score points higher on average; CTR could improve by ~34%.",17.86
KLK-0371,Meta,59.3,1,text_density,"Switch text density from 'low' to 'medium'. On Meta, 'medium' text density averages +8.5 klike_score points higher.",8.55
KLK-0371,Meta,59.3,2,has_subtitle,"Add subtitles / captions to your creative. On Meta, creatives WITH this attribute score ~7.5 klike_score points higher on average; CTR could improve by ~13%.",7.48
KLK-0371,Meta,59.3,3,video_duration_s,"Increase video duration from 11s to ~75s. The optimal duration bucket for Meta is '>60s', which averages +6.1 klike_score points vs your current range.",6.13
KLK-0372,Meta,68.9,1,has_hook,"Add hook in the first 3 seconds to your creative. On Meta, creatives WITH this attribute score ~17.9 klike_score points higher on average; CTR could improve by ~34%.",17.86
KLK-0372,Meta,68.9,2,has_cta,"Add a clear call-to-action to your creative. On Meta, creatives WITH this attribute score ~7.6 klike_score points higher on average; CTR could improve by ~6%.",7.61
KLK-0372,Meta,68.9,3,video_duration_s,"Increase video duration from 6s to ~75s. The optimal duration bucket for Meta is '>60s', which averages +5.4 klike_score points vs your current range.",5.4
KLK-0373,Meta,70.0,1,text_density,"Switch text density from 'low' to 'medium'. On Meta, 'medium' text density averages +8.5 klike_score points higher.",8.55
KLK-0373,Meta,70.0,2,has_subtitle,"Add subtitles / captions to your creative. On Meta, creatives WITH this attribute score ~7.5 klike_score points higher on average; CTR could improve by ~13%.",7.48
KLK-0373,Meta,70.0,3,video_duration_s,"Increase video duration from 11s to ~75s. The optimal duration bucket for Meta is '>60s', which averages +6.1 klike_score points vs your current range.",6.13
KLK-0374,TikTok,87.0,1,format,"Switch ad format from 'quadrado' to 'vertical'. On TikTok, 'vertical' format averages +9.1 klike_score points higher.",9.08
KLK-0375,Meta,55.4,1,text_density,"Switch text density from 'high' to 'medium'. On Meta, 'medium' text density averages +18.3 klike_score points higher.",18.35
KLK-0375,Meta,55.4,2,has_cta,"Add a clear call-to-action to your creative. On Meta, creatives WITH this attribute score ~7.6 klike_score points higher on average; CTR could improve by ~6%.",7.61
KLK-0375,Meta,55.4,3,has_subtitle,"Add subtitles / captions to your creative. On Meta, creatives WITH this attribute score ~7.5 klike_score points higher on average; CTR could improve by ~13%.",7.48
KLK-0376,Meta,81.2,1,has_face,"Add a human face to your creative. On Meta, creatives WITH this attribute score ~12.9 klike_score points higher on average; CTR could improve by ~11% — efeito especialmente forte para a faixa etária 25-34.",12.94
KLK-0376,Meta,81.2,2,video_duration_s,"Increase video duration from 9s to ~75s. The optimal duration bucket for Meta is '>60s', which averages +5.4 klike_score points vs your current range.",5.4
KLK-0376,Meta,81.2,3,format,"Switch ad format from 'horizontal' to 'quadrado'. On Meta, 'quadrado' format averages +3.6 klike_score points higher.",3.55
KLK-0377,TikTok,43.8,1,has_hook,"Add hook in the first 3 seconds to your creative. On TikTok, creatives WITH this attribute score ~17.3 klike_score points higher on average; CTR could improve by ~40%.",17.29
KLK-0377,TikTok,43.8,2,has_cta,"Add a clear call-to-action to your creative. On TikTok, creatives WITH this attribute score ~9.1 klike_score points higher on average; CTR could improve by ~10%.",9.12
KLK-0377,TikTok,43.8,3,has_subtitle,"Add subtitles / captions to your creative. On TikTok, creatives WITH this attribute score ~7.9 klike_score points higher on average; CTR could improve by ~11%.",7.95
KLK-0378,Meta,54.4,1,has_hook,"Add hook in the first 3 seconds to your creative. On Meta, creatives WITH this attribute score ~17.9 klike_score points higher on average; CTR could improve by ~34%.",17.86
KLK-0378,Meta,54.4,2,text_density,"Switch text density from 'low' to 'medium'. On Meta, 'medium' text density averages +8.5 klike_score points higher.",8.55
KLK-0378,Meta,54.4,3,video_duration_s,"Increase video duration from 37s to ~75s. The optimal duration bucket for Meta is '>60s', which averages +2.8 klike_score points vs your current range.",2.81
KLK-0379,TikTok,49.4,1,has_hook,"Add hook in the first 3 seconds to your creative. On TikTok, creatives WITH this attribute score ~17.3 klike_score points higher on average; CTR could improve by ~40%.",17.29
KLK-0379,TikTok,49.4,2,has_face,"Add a human face to your creative. On TikTok, creatives WITH this attribute score ~10.7 klike_score points higher on average; CTR could improve by ~38%.",10.69
KLK-0379,TikTok,49.4,3,video_duration_s,"Increase video duration from 8s to ~38s. The optimal duration bucket for TikTok is '31-45s', which averages +8.8 klike_score points vs your current range.",8.79
KLK-0380,Meta,37.0,1,has_hook,"Add hook in the first 3 seconds to your creative. On Meta, creatives WITH this attribute score ~17.9 klike_score points higher on average; CTR could improve by ~34%.",17.86
KLK-0380,Meta,37.0,2,has_face,"Add a human face to your creative. On Meta, creatives WITH this attribute score ~12.9 klike_score points higher on average; CTR could improve by ~11%.",12.94
KLK-0380,Meta,37.0,3,text_density,"Switch text density from 'low' to 'medium'. On Meta, 'medium' text density averages +8.5 klike_score points higher.",8.55
KLK-0381,Meta,33.7,1,has_hook,"Add hook in the first 3 seconds to your creative. On Meta, creatives WITH this attribute score ~17.9 klike_score points higher on average; CTR could improve by ~34%.",17.86
KLK-0381,Meta,33.7,2,has_face,"Add a human face to your creative. On Meta, creatives WITH this attribute score ~12.9 klike_score points higher on average; CTR could improve by ~11%.",12.94
KLK-0381,Meta,33.7,3,text_density,"Switch text density from 'low' to 'medium'. On Meta, 'medium' text density averages +8.5 klike_score points higher.",8.55
KLK-0382,TikTok,70.7,1,has_cta,"Add a clear call-to-action to your creative. On TikTok, creatives WITH this attribute score ~9.1 klike_score points higher on average; CTR could improve by ~10%.",9.12
KLK-0382,TikTok,70.7,2,video_duration_s,"Increase video duration from 9s to ~38s. The optimal duration bucket for TikTok is '31-45s', which averages +8.8 klike_score points vs your current range.",8.79
KLK-0382,TikTok,70.7,3,has_subtitle,"Add subtitles / captions to your creative. On TikTok, creatives WITH this attribute score ~7.9 klike_score points higher on average; CTR could improve by ~11%.",7.95
KLK-0383,TikTok,62.2,1,video_duration_s,"Increase video duration from 20s to ~38s. The optimal duration bucket for TikTok is '31-45s', which averages +13.4 klike_score points vs your current range.",13.42
KLK-0383,TikTok,62.2,2,has_face,"Add a human face to your creative. On TikTok, creatives WITH this attribute score ~10.7 klike_score points higher on average; CTR could improve by ~38%.",10.69
KLK-0383,TikTok,62.2,3,has_cta,"Add a clear call-to-action to your creative. On TikTok, creatives WITH this attribute score ~9.1 klike_score points higher on average; CTR could improve by ~10%.",9.12
KLK-0384,LinkedIn,77.3,1,has_cta,"Add a clear call-to-action to your creative. On LinkedIn, creatives WITH this attribute score ~8.8 klike_score points higher on average; CTR could improve by ~13%.",8.77
KLK-0384,LinkedIn,77.3,2,video_duration_s,"Increase video duration from 30s to ~75s. The optimal duration bucket for LinkedIn is '>60s', which averages +7.4 klike_score points vs your current range.",7.43
KLK-0385,TikTok,55.9,1,has_hook,"Add hook in the first 3 seconds to your creative. On TikTok, creatives WITH this attribute score ~17.3 klike_score points higher on average; CTR could improve by ~40%.",17.29
KLK-0385,TikTok,55.9,2,video_duration_s,"Increase video duration from 19s to ~38s. The optimal duration bucket for TikTok is '31-45s', which averages +13.4 klike_score points vs your current range.",13.42
KLK-0385,TikTok,55.9,3,has_face,"Add a human face to your creative. On TikTok, creatives WITH this attribute score ~10.7 klike_score points higher on average; CTR could improve by ~38%.",10.69
KLK-0386,TikTok,66.1,1,has_hook,"Add hook in the first 3 seconds to your creative. On TikTok, creatives WITH this attribute score ~17.3 klike_score points higher on average; CTR could improve by ~40%.",17.29
KLK-0386,TikTok,66.1,2,video_duration_s,"Increase video duration from 17s to ~38s. The optimal duration bucket for TikTok is '31-45s', which averages +13.4 klike_score points vs your current range.",13.42
KLK-0386,TikTok,66.1,3,has_cta,"Add a clear call-to-action to your creative. On TikTok, creatives WITH this attribute score ~9.1 klike_score points higher on average; CTR could improve by ~10%.",9.12
KLK-0387,Meta,54.1,1,has_face,"Add a human face to your creative. On Meta, creatives WITH this attribute score ~12.9 klike_score points higher on average; CTR could improve by ~11% — efeito especialmente forte para a faixa etária 25-34.",12.94
KLK-0387,Meta,54.1,2,video_duration_s,"Increase video duration from 46s to ~75s. The optimal duration bucket for Meta is '>60s', which averages +9.6 klike_score points vs your current range.",9.64
KLK-0387,Meta,54.1,3,text_density,"Switch text density from 'low' to 'medium'. On Meta, 'medium' text density averages +8.5 klike_score points higher.",8.55
KLK-0388,Meta,46.5,1,text_density,"Switch text density from 'high' to 'medium'. On Meta, 'medium' text density averages +18.3 klike_score points higher.",18.35
KLK-0388,Meta,46.5,2,has_hook,"Add hook in the first 3 seconds to your creative. On Meta, creatives WITH this attribute score ~17.9 klike_score points higher on average; CTR could improve by ~34%.",17.86
KLK-0388,Meta,46.5,3,has_subtitle,"Add subtitles / captions to your creative. On Meta, creatives WITH this attribute score ~7.5 klike_score points higher on average; CTR could improve by ~13%.",7.48
KLK-0389,TikTok,51.5,1,has_hook,"Add hook in the first 3 seconds to your creative. On TikTok, creatives WITH this attribute score ~17.3 klike_score points higher on average; CTR could improve by ~40%.",17.29
KLK-0389,TikTok,51.5,2,video_duration_s,"Increase video duration from 15s to ~38s. The optimal duration bucket for TikTok is '31-45s', which averages +13.4 klike_score points vs your current range.",13.42
KLK-0389,TikTok,51.5,3,has_face,"Add a human face to your creative. On TikTok, creatives WITH this attribute score ~10.7 klike_score points higher on average; CTR could improve by ~38%.",10.69
KLK-0390,TikTok,72.6,1,has_hook,"Add hook in the first 3 seconds to your creative. On TikTok, creatives WITH this attribute score ~17.3 klike_score points higher on average; CTR could improve by ~40%.",17.29
KLK-0390,TikTok,72.6,2,video_duration_s,"Increase video duration from 5s to ~38s. The optimal duration bucket for TikTok is '31-45s', which averages +8.8 klike_score points vs your current range.",8.79
KLK-0390,TikTok,72.6,3,has_subtitle,"Add subtitles / captions to your creative. On TikTok, creatives WITH this attribute score ~7.9 klike_score points higher on average; CTR could improve by ~11%.",7.95
KLK-0391,LinkedIn,67.9,1,video_duration_s,"Increase video duration from 13s to ~75s. The optimal duration bucket for LinkedIn is '>60s', which averages +10.1 klike_score points vs your current range.",10.12
KLK-0391,LinkedIn,67.9,2,has_cta,"Add a clear call-to-action to your creative. On LinkedIn, creatives WITH this attribute score ~8.8 klike_score points higher on average; CTR could improve by ~13%.",8.77
KLK-0391,LinkedIn,67.9,3,text_density,"Switch text density from 'low' to 'medium'. On LinkedIn, 'medium' text density averages +5.9 klike_score points higher.",5.9
KLK-0392,Meta,59.1,1,text_density,"Switch text density from 'high' to 'medium'. On Meta, 'medium' text density averages +18.3 klike_score points higher.",18.35
KLK-0392,Meta,59.1,2,has_cta,"Add a clear call-to-action to your creative. On Meta, creatives WITH this attribute score ~7.6 klike_score points higher on average; CTR could improve by ~6%.",7.61
KLK-0392,Meta,59.1,3,has_subtitle,"Add subtitles / captions to your creative. On Meta, creatives WITH this attribute score ~7.5 klike_score points higher on average; CTR could improve by ~13%.",7.48
KLK-0393,Meta,53.8,1,has_face,"Add a human face to your creative. On Meta, creatives WITH this attribute score ~12.9 klike_score points higher on average; CTR could improve by ~11% — efeito especialmente forte para a faixa etária 25-34.",12.94
KLK-0393,Meta,53.8,2,text_density,"Switch text density from 'low' to 'medium'. On Meta, 'medium' text density averages +8.5 klike_score points higher.",8.55
KLK-0393,Meta,53.8,3,has_cta,"Add a clear call-to-action to your creative. On Meta, creatives WITH this attribute score ~7.6 klike_score points higher on average; CTR could improve by ~6%.",7.61
KLK-0394,TikTok,50.1,1,video_duration_s,"Increase video duration from 12s to ~38s. The optimal duration bucket for TikTok is '31-45s', which averages +13.4 klike_score points vs your current range.",13.42
KLK-0394,TikTok,50.1,2,text_density,"Switch text density from 'high' to 'medium'. On TikTok, 'medium' text density averages +11.6 klike_score points higher.",11.61
KLK-0394,TikTok,50.1,3,has_face,"Add a human face to your creative. On TikTok, creatives WITH this attribute score ~10.7 klike_score points higher on average; CTR could improve by ~38%.",10.69
KLK-0395,Meta,56.1,1,has_face,"Add a human face to your creative. On Meta, creatives WITH this attribute score ~12.9 klike_score points higher on average; CTR could improve by ~11% — efeito especialmente forte para a faixa etária 25-34.",12.94
KLK-0395,Meta,56.1,2,text_density,"Switch text density from 'low' to 'medium'. On Meta, 'medium' text density averages +8.5 klike_score points higher.",8.55
KLK-0395,Meta,56.1,3,has_cta,"Add a clear call-to-action to your creative. On Meta, creatives WITH this attribute score ~7.6 klike_score points higher on average; CTR could improve by ~6%.",7.61
KLK-0396,LinkedIn,58.3,1,has_hook,"Add hook in the first 3 seconds to your creative. On LinkedIn, creatives WITH this attribute score ~15.9 klike_score points higher on average; CTR could improve by ~52%.",15.95
KLK-0396,LinkedIn,58.3,2,text_density,"Switch text density from 'high' to 'medium'. On LinkedIn, 'medium' text density averages +15.0 klike_score points higher.",15.03
KLK-0396,LinkedIn,58.3,3,video_duration_s,"Increase video duration from 20s to ~75s. The optimal duration bucket for LinkedIn is '>60s', which averages +10.1 klike_score points vs your current range.",10.12
KLK-0397,LinkedIn,47.0,1,video_duration_s,"Increase video duration from 49s to ~75s. The optimal duration bucket for LinkedIn is '>60s', which averages +26.0 klike_score points vs your current range.",26.03
KLK-0397,LinkedIn,47.0,2,text_density,"Switch text density from 'high' to 'medium'. On LinkedIn, 'medium' text density averages +15.0 klike_score points higher.",15.03
KLK-0397,LinkedIn,47.0,3,has_cta,"Add a clear call-to-action to your creative. On LinkedIn, creatives WITH this attribute score ~8.8 klike_score points higher on average; CTR could improve by ~13%.",8.77
KLK-0398,Meta,44.7,1,has_hook,"Add hook in the first 3 seconds to your creative. On Meta, creatives WITH this attribute score ~17.9 klike_score points higher on average; CTR could improve by ~34%.",17.86
KLK-0398,Meta,44.7,2,has_face,"Add a human face to your creative. On Meta, creatives WITH this attribute score ~12.9 klike_score points higher on average; CTR could improve by ~11%.",12.94
KLK-0398,Meta,44.7,3,video_duration_s,"Increase video duration from 13s to ~75s. The optimal duration bucket for Meta is '>60s', which averages +6.1 klike_score points vs your current range.",6.13
KLK-0399,TikTok,76.8,1,has_subtitle,"Add subtitles / captions to your creative. On TikTok, creatives WITH this attribute score ~7.9 klike_score points higher on average; CTR could improve by ~11%.",7.95
KLK-0399,TikTok,76.8,2,video_duration_s,"Increase video duration from 29s to ~38s. The optimal duration bucket for TikTok is '31-45s', which averages +7.7 klike_score points vs your current range.",7.72
KLK-0399,TikTok,76.8,3,text_density,"Switch text density from 'low' to 'medium'. On TikTok, 'medium' text density averages +3.2 klike_score points higher.",3.22
KLK-0400,TikTok,62.3,1,has_hook,"Add hook in the first 3 seconds to your creative. On TikTok, creatives WITH this attribute score ~17.3 klike_score points higher on average; CTR could improve by ~40%.",17.29
KLK-0400,TikTok,62.3,2,video_duration_s,"Increase video duration from 18s to ~38s. The optimal duration bucket for TikTok is '31-45s', which averages +13.4 klike_score points vs your current range.",13.42
KLK-0400,TikTok,62.3,3,has_face,"Add a human face to your creative. On TikTok, creatives WITH this attribute score ~10.7 klike_score points higher on average; CTR could improve by ~38%.",10.69
KLK-0401,Meta,64.1,1,has_face,"Add a human face to your creative. On Meta, creatives WITH this attribute score ~12.9 klike_score points higher on average; CTR could improve by ~11%.",12.94
KLK-0401,Meta,64.1,2,text_density,"Switch text density from 'low' to 'medium'. On Meta, 'medium' text density averages +8.5 klike_score points higher.",8.55
KLK-0401,Meta,64.1,3,has_subtitle,"Add subtitles / captions to your creative. On Meta, creatives WITH this attribute score ~7.5 klike_score points higher on average; CTR could improve by ~13%.",7.48
KLK-0402,LinkedIn,47.0,1,has_hook,"Add hook in the first 3 seconds to your creative. On LinkedIn, creatives WITH this attribute score ~15.9 klike_score points higher on average; CTR could improve by ~52%.",15.95
KLK-0402,LinkedIn,47.0,2,has_face,"Add a human face to your creative. On LinkedIn, creatives WITH this attribute score ~13.1 klike_score points higher on average; CTR could improve by ~33%.",13.11
KLK-0402,LinkedIn,47.0,3,video_duration_s,"Increase video duration from 14s to ~75s. The optimal duration bucket for LinkedIn is '>60s', which averages +10.1 klike_score points vs your current range.",10.12
KLK-0403,TikTok,48.7,1,has_hook,"Add hook in the first 3 seconds to your creative. On TikTok, creatives WITH this attribute score ~17.3 klike_score points higher on average; CTR could improve by ~40%.",17.29
KLK-0403,TikTok,48.7,2,video_duration_s,"Increase video duration from 19s to ~38s. The optimal duration bucket for TikTok is '31-45s', which averages +13.4 klike_score points vs your current range.",13.42
KLK-0403,TikTok,48.7,3,has_cta,"Add a clear call-to-action to your creative. On TikTok, creatives WITH this attribute score ~9.1 klike_score points higher on average; CTR could improve by ~10%.",9.12
KLK-0404,TikTok,73.4,1,video_duration_s,"Increase video duration from 10s to ~38s. The optimal duration bucket for TikTok is '31-45s', which averages +8.8 klike_score points vs your current range.",8.79
KLK-0404,TikTok,73.4,2,has_subtitle,"Add subtitles / captions to your creative. On TikTok, creatives WITH this attribute score ~7.9 klike_score points higher on average; CTR could improve by ~11%.",7.95
KLK-0404,TikTok,73.4,3,text_density,"Switch text density from 'low' to 'medium'. On TikTok, 'medium' text density averages +3.2 klike_score points higher.",3.22
KLK-0405,Meta,78.4,1,video_duration_s,"Increase video duration from 8s to ~75s. The optimal duration bucket for Meta is '>60s', which averages +5.4 klike_score points vs your current range.",5.4
KLK-0405,Meta,78.4,2,format,"Switch ad format from 'horizontal' to 'quadrado'. On Meta, 'quadrado' format averages +3.6 klike_score points higher.",3.55
KLK-0406,LinkedIn,57.5,1,has_hook,"Add hook in the first 3 seconds to your creative. On LinkedIn, creatives WITH this attribute score ~15.9 klike_score points higher on average; CTR could improve by ~52%.",15.95
KLK-0406,LinkedIn,57.5,2,has_face,"Add a human face to your creative. On LinkedIn, creatives WITH this attribute score ~13.1 klike_score points higher on average; CTR could improve by ~33% — efeito especialmente forte para a faixa etária 25-34.",13.11
KLK-0406,LinkedIn,57.5,3,video_duration_s,"Increase video duration from 32s to ~75s. The optimal duration bucket for LinkedIn is '>60s', which averages +11.8 klike_score points vs your current range.",11.84
KLK-0407,Meta,75.0,1,text_density,"Switch text density from 'low' to 'medium'. On Meta, 'medium' text density averages +8.5 klike_score points higher.",8.55
KLK-0407,Meta,75.0,2,has_subtitle,"Add subtitles / captions to your creative. On Meta, creatives WITH this attribute score ~7.5 klike_score points higher on average; CTR could improve by ~13%.",7.48
KLK-0407,Meta,75.0,3,video_duration_s,"Increase video duration from 7s to ~75s. The optimal duration bucket for Meta is '>60s', which averages +5.4 klike_score points vs your current range.",5.4
KLK-0408,Meta,88.2,1,text_density,"Switch text density from 'low' to 'medium'. On Meta, 'medium' text density averages +8.5 klike_score points higher.",8.55
KLK-0408,Meta,88.2,2,video_duration_s,"Increase video duration from 10s to ~75s. The optimal duration bucket for Meta is '>60s', which averages +5.4 klike_score points vs your current range.",5.4
KLK-0409,LinkedIn,69.7,1,text_density,"Switch text density from 'high' to 'medium'. On LinkedIn, 'medium' text density averages +15.0 klike_score points higher.",15.03
KLK-0409,LinkedIn,69.7,2,video_duration_s,"Increase video duration from 24s to ~75s. The optimal duration bucket for LinkedIn is '>60s', which averages +7.4 klike_score points vs your current range.",7.43
KLK-0409,LinkedIn,69.7,3,has_subtitle,"Add subtitles / captions to your creative. On LinkedIn, creatives WITH this attribute score ~5.2 klike_score points higher on average; CTR could improve by ~-5%.",5.22
KLK-0411,Meta,57.9,1,has_hook,"Add hook in the first 3 seconds to your creative. On Meta, creatives WITH this attribute score ~17.9 klike_score points higher on average; CTR could improve by ~34%.",17.86
KLK-0411,Meta,57.9,2,has_face,"Add a human face to your creative. On Meta, creatives WITH this attribute score ~12.9 klike_score points higher on average; CTR could improve by ~11%.",12.94
KLK-0411,Meta,57.9,3,video_duration_s,"Increase video duration from 11s to ~75s. The optimal duration bucket for Meta is '>60s', which averages +6.1 klike_score points vs your current range.",6.13
KLK-0412,LinkedIn,60.0,1,has_face,"Add a human face to your creative. On LinkedIn, creatives WITH this attribute score ~13.1 klike_score points higher on average; CTR could improve by ~33%.",13.11
KLK-0412,LinkedIn,60.0,2,video_duration_s,"Increase video duration from 20s to ~75s. The optimal duration bucket for LinkedIn is '>60s', which averages +10.1 klike_score points vs your current range.",10.12
KLK-0412,LinkedIn,60.0,3,has_subtitle,"Add subtitles / captions to your creative. On LinkedIn, creatives WITH this attribute score ~5.2 klike_score points higher on average; CTR could improve by ~-5%.",5.22
KLK-0413,LinkedIn,58.0,1,has_hook,"Add hook in the first 3 seconds to your creative. On LinkedIn, creatives WITH this attribute score ~15.9 klike_score points higher on average; CTR could improve by ~52%.",15.95
KLK-0413,LinkedIn,58.0,2,video_duration_s,"Increase video duration from 35s to ~75s. The optimal duration bucket for LinkedIn is '>60s', which averages +11.8 klike_score points vs your current range.",11.84
KLK-0413,LinkedIn,58.0,3,text_density,"Switch text density from 'low' to 'medium'. On LinkedIn, 'medium' text density averages +5.9 klike_score points higher.",5.9
KLK-0414,TikTok,71.9,1,has_hook,"Add hook in the first 3 seconds to your creative. On TikTok, creatives WITH this attribute score ~17.3 klike_score points higher on average; CTR could improve by ~40%.",17.29
KLK-0414,TikTok,71.9,2,video_duration_s,"Increase video duration from 7s to ~38s. The optimal duration bucket for TikTok is '31-45s', which averages +8.8 klike_score points vs your current range.",8.79
KLK-0415,TikTok,40.2,1,has_hook,"Add hook in the first 3 seconds to your creative. On TikTok, creatives WITH this attribute score ~17.3 klike_score points higher on average; CTR could improve by ~40%.",17.29
KLK-0415,TikTok,40.2,2,video_duration_s,"Increase video duration from 15s to ~38s. The optimal duration bucket for TikTok is '31-45s', which averages +13.4 klike_score points vs your current range.",13.42
KLK-0415,TikTok,40.2,3,has_face,"Add a human face to your creative. On TikTok, creatives WITH this attribute score ~10.7 klike_score points higher on average; CTR could improve by ~38%.",10.69
KLK-0416,Meta,41.5,1,has_hook,"Add hook in the first 3 seconds to your creative. On Meta, creatives WITH this attribute score ~17.9 klike_score points higher on average; CTR could improve by ~34%.",17.86
KLK-0416,Meta,41.5,2,has_cta,"Add a clear call-to-action to your creative. On Meta, creatives WITH this attribute score ~7.6 klike_score points higher on average; CTR could improve by ~6%.",7.61
KLK-0416,Meta,41.5,3,has_subtitle,"Add subtitles / captions to your creative. On Meta, creatives WITH this attribute score ~7.5 klike_score points higher on average; CTR could improve by ~13%.",7.48
KLK-0417,Meta,56.9,1,has_hook,"Add hook in the first 3 seconds to your creative. On Meta, creatives WITH this attribute score ~17.9 klike_score points higher on average; CTR could improve by ~34%.",17.86
KLK-0417,Meta,56.9,2,has_face,"Add a human face to your creative. On Meta, creatives WITH this attribute score ~12.9 klike_score points higher on average; CTR could improve by ~11% — efeito especialmente forte para a faixa etária 25-34.",12.94
KLK-0417,Meta,56.9,3,video_duration_s,"Increase video duration from 14s to ~75s. The optimal duration bucket for Meta is '>60s', which averages +6.1 klike_score points vs your current range.",6.13
KLK-0418,Meta,51.7,1,has_face,"Add a human face to your creative. On Meta, creatives WITH this attribute score ~12.9 klike_score points higher on average; CTR could improve by ~11%.",12.94
KLK-0418,Meta,51.7,2,text_density,"Switch text density from 'low' to 'medium'. On Meta, 'medium' text density averages +8.5 klike_score points higher.",8.55
KLK-0418,Meta,51.7,3,has_cta,"Add a clear call-to-action to your creative. On Meta, creatives WITH this attribute score ~7.6 klike_score points higher on average; CTR could improve by ~6%.",7.61
KLK-0419,TikTok,55.8,1,has_hook,"Add hook in the first 3 seconds to your creative. On TikTok, creatives WITH this attribute score ~17.3 klike_score points higher on average; CTR could improve by ~40%.",17.29
KLK-0419,TikTok,55.8,2,video_duration_s,"Increase video duration from 14s to ~38s. The optimal duration bucket for TikTok is '31-45s', which averages +13.4 klike_score points vs your current range.",13.42
KLK-0419,TikTok,55.8,3,text_density,"Switch text density from 'high' to 'medium'. On TikTok, 'medium' text density averages +11.6 klike_score points higher.",11.61
KLK-0420,TikTok,66.1,1,has_hook,"Add hook in the first 3 seconds to your creative. On TikTok, creatives WITH this attribute score ~17.3 klike_score points higher on average; CTR could improve by ~40%.",17.29
KLK-0420,TikTok,66.1,2,has_face,"Add a human face to your creative. On TikTok, creatives WITH this attribute score ~10.7 klike_score points higher on average; CTR could improve by ~38%.",10.69
KLK-0420,TikTok,66.1,3,video_duration_s,"Increase video duration from 8s to ~38s. The optimal duration bucket for TikTok is '31-45s', which averages +8.8 klike_score points vs your current range.",8.79
KLK-0421,TikTok,26.3,1,has_hook,"Add hook in the first 3 seconds to your creative. On TikTok, creatives WITH this attribute score ~17.3 klike_score points higher on average; CTR could improve by ~40%.",17.29
KLK-0421,TikTok,26.3,2,video_duration_s,"Increase video duration from 11s to ~38s. The optimal duration bucket for TikTok is '31-45s', which averages +13.4 klike_score points vs your current range.",13.42
KLK-0421,TikTok,26.3,3,text_density,"Switch text density from 'high' to 'medium'. On TikTok, 'medium' text density averages +11.6 klike_score points higher.",11.61
KLK-0422,TikTok,52.7,1,has_hook,"Add hook in the first 3 seconds to your creative. On TikTok, creatives WITH this attribute score ~17.3 klike_score points higher on average; CTR could improve by ~40%.",17.29
KLK-0422,TikTok,52.7,2,text_density,"Switch text density from 'high' to 'medium'. On TikTok, 'medium' text density averages +11.6 klike_score points higher.",11.61
KLK-0422,TikTok,52.7,3,video_duration_s,"Increase video duration from 10s to ~38s. The optimal duration bucket for TikTok is '31-45s', which averages +8.8 klike_score points vs your current range.",8.79
KLK-0423,Meta,72.1,1,text_density,"Switch text density from 'low' to 'medium'. On Meta, 'medium' text density averages +8.5 klike_score points higher.",8.55
KLK-0423,Meta,72.1,2,has_cta,"Add a clear call-to-action to your creative. On Meta, creatives WITH this attribute score ~7.6 klike_score points higher on average; CTR could improve by ~6%.",7.61
KLK-0423,Meta,72.1,3,video_duration_s,"Increase video duration from 16s to ~75s. The optimal duration bucket for Meta is '>60s', which averages +6.1 klike_score points vs your current range.",6.13
KLK-0424,Meta,71.1,1,text_density,"Switch text density from 'low' to 'medium'. On Meta, 'medium' text density averages +8.5 klike_score points higher.",8.55
KLK-0424,Meta,71.1,2,has_subtitle,"Add subtitles / captions to your creative. On Meta, creatives WITH this attribute score ~7.5 klike_score points higher on average; CTR could improve by ~13%.",7.48
KLK-0424,Meta,71.1,3,video_duration_s,"Increase video duration from 18s to ~75s. The optimal duration bucket for Meta is '>60s', which averages +6.1 klike_score points vs your current range.",6.13
KLK-0425,Meta,80.5,1,has_hook,"Add hook in the first 3 seconds to your creative. On Meta, creatives WITH this attribute score ~17.9 klike_score points higher on average; CTR could improve by ~34%.",17.86
KLK-0425,Meta,80.5,2,video_duration_s,"Increase video duration from 23s to ~75s. The optimal duration bucket for Meta is '>60s', which averages +6.4 klike_score points vs your current range.",6.43
KLK-0425,Meta,80.5,3,format,"Switch ad format from 'vertical' to 'quadrado'. On Meta, 'quadrado' format averages +3.7 klike_score points higher.",3.65
KLK-0426,TikTok,68.9,1,video_duration_s,"Increase video duration from 16s to ~38s. The optimal duration bucket for TikTok is '31-45s', which averages +13.4 klike_score points vs your current range.",13.42
KLK-0426,TikTok,68.9,2,has_face,"Add a human face to your creative. On TikTok, creatives WITH this attribute score ~10.7 klike_score points higher on average; CTR could improve by ~38% — efeito especialmente forte para a faixa etária 25-34.",10.69
KLK-0426,TikTok,68.9,3,has_subtitle,"Add subtitles / captions to your creative. On TikTok, creatives WITH this attribute score ~7.9 klike_score points higher on average; CTR could improve by ~11%.",7.95
KLK-0427,Meta,36.7,1,has_hook,"Add hook in the first 3 seconds to your creative. On Meta, creatives WITH this attribute score ~17.9 klike_score points higher on average; CTR could improve by ~34%.",17.86
KLK-0427,Meta,36.7,2,has_face,"Add a human face to your creative. On Meta, creatives WITH this attribute score ~12.9 klike_score points higher on average; CTR could improve by ~11%.",12.94
KLK-0427,Meta,36.7,3,has_cta,"Add a clear call-to-action to your creative. On Meta, creatives WITH this attribute score ~7.6 klike_score points higher on average; CTR could improve by ~6%.",7.61
KLK-0428,LinkedIn,64.1,1,text_density,"Switch text density from 'high' to 'medium'. On LinkedIn, 'medium' text density averages +15.0 klike_score points higher.",15.03
KLK-0428,LinkedIn,64.1,2,has_face,"Add a human face to your creative. On LinkedIn, creatives WITH this attribute score ~13.1 klike_score points higher on average; CTR could improve by ~33%.",13.11
KLK-0428,LinkedIn,64.1,3,video_duration_s,"Increase video duration from 23s to ~75s. The optimal duration bucket for LinkedIn is '>60s', which averages +7.4 klike_score points vs your current range.",7.43
KLK-0429,Meta,58.0,1,has_cta,"Add a clear call-to-action to your creative. On Meta, creatives WITH this attribute score ~7.6 klike_score points higher on average; CTR could improve by ~6%.",7.61
KLK-0429,Meta,58.0,2,has_subtitle,"Add subtitles / captions to your creative. On Meta, creatives WITH this attribute score ~7.5 klike_score points higher on average; CTR could improve by ~13%.",7.48
KLK-0429,Meta,58.0,3,format,"Switch ad format from 'horizontal' to 'quadrado'. On Meta, 'quadrado' format averages +3.6 klike_score points higher.",3.55
KLK-0430,Meta,70.8,1,text_density,"Switch text density from 'low' to 'medium'. On Meta, 'medium' text density averages +8.5 klike_score points higher.",8.55
KLK-0430,Meta,70.8,2,video_duration_s,"Increase video duration from 14s to ~75s. The optimal duration bucket for Meta is '>60s', which averages +6.1 klike_score points vs your current range.",6.13
KLK-0431,Meta,62.7,1,has_face,"Add a human face to your creative. On Meta, creatives WITH this attribute score ~12.9 klike_score points higher on average; CTR could improve by ~11%.",12.94
KLK-0431,Meta,62.7,2,text_density,"Switch text density from 'low' to 'medium'. On Meta, 'medium' text density averages +8.5 klike_score points higher.",8.55
KLK-0431,Meta,62.7,3,video_duration_s,"Increase video duration from 15s to ~75s. The optimal duration bucket for Meta is '>60s', which averages +6.1 klike_score points vs your current range.",6.13
KLK-0432,TikTok,79.3,1,video_duration_s,"Increase video duration from 20s to ~38s. The optimal duration bucket for TikTok is '31-45s', which averages +13.4 klike_score points vs your current range.",13.42
KLK-0433,TikTok,73.2,1,video_duration_s,"Increase video duration from 12s to ~38s. The optimal duration bucket for TikTok is '31-45s', which averages +13.4 klike_score points vs your current range.",13.42
KLK-0433,TikTok,73.2,2,has_face,"Add a human face to your creative. On TikTok, creatives WITH this attribute score ~10.7 klike_score points higher on average; CTR could improve by ~38% — efeito especialmente forte para a faixa etária 25-34.",10.69
KLK-0433,TikTok,73.2,3,text_density,"Switch text density from 'low' to 'medium'. On TikTok, 'medium' text density averages +3.2 klike_score points higher.",3.22
KLK-0434,Meta,48.7,1,has_hook,"Add hook in the first 3 seconds to your creative. On Meta, creatives WITH this attribute score ~17.9 klike_score points higher on average; CTR could improve by ~34%.",17.86
KLK-0434,Meta,48.7,2,has_cta,"Add a clear call-to-action to your creative. On Meta, creatives WITH this attribute score ~7.6 klike_score points higher on average; CTR could improve by ~6%.",7.61
KLK-0434,Meta,48.7,3,video_duration_s,"Increase video duration from 19s to ~75s. The optimal duration bucket for Meta is '>60s', which averages +6.1 klike_score points vs your current range.",6.13
KLK-0435,Meta,58.4,1,has_hook,"Add hook in the first 3 seconds to your creative. On Meta, creatives WITH this attribute score ~17.9 klike_score points higher on average; CTR could improve by ~34%.",17.86
KLK-0435,Meta,58.4,2,has_face,"Add a human face to your creative. On Meta, creatives WITH this attribute score ~12.9 klike_score points higher on average; CTR could improve by ~11%.",12.94
KLK-0435,Meta,58.4,3,text_density,"Switch text density from 'low' to 'medium'. On Meta, 'medium' text density averages +8.5 klike_score points higher.",8.55
KLK-0436,TikTok,59.9,1,has_face,"Add a human face to your creative. On TikTok, creatives WITH this attribute score ~10.7 klike_score points higher on average; CTR could improve by ~38%.",10.69
KLK-0436,TikTok,59.9,2,has_cta,"Add a clear call-to-action to your creative. On TikTok, creatives WITH this attribute score ~9.1 klike_score points higher on average; CTR could improve by ~10%.",9.12
KLK-0436,TikTok,59.9,3,has_subtitle,"Add subtitles / captions to your creative. On TikTok, creatives WITH this attribute score ~7.9 klike_score points higher on average; CTR could improve by ~11%.",7.95
KLK-0437,Meta,46.7,1,has_hook,"Add hook in the first 3 seconds to your creative. On Meta, creatives WITH this attribute score ~17.9 klike_score points higher on average; CTR could improve by ~34%.",17.86
KLK-0437,Meta,46.7,2,text_density,"Switch text density from 'low' to 'medium'. On Meta, 'medium' text density averages +8.5 klike_score points higher.",8.55
KLK-0437,Meta,46.7,3,has_cta,"Add a clear call-to-action to your creative. On Meta, creatives WITH this attribute score ~7.6 klike_score points higher on average; CTR could improve by ~6%.",7.61
KLK-0438,TikTok,67.4,1,has_hook,"Add hook in the first 3 seconds to your creative. On TikTok, creatives WITH this attribute score ~17.3 klike_score points higher on average; CTR could improve by ~40%.",17.29
KLK-0438,TikTok,67.4,2,video_duration_s,"Increase video duration from 13s to ~38s. The optimal duration bucket for TikTok is '31-45s', which averages +13.4 klike_score points vs your current range.",13.42
KLK-0438,TikTok,67.4,3,has_subtitle,"Add subtitles / captions to your creative. On TikTok, creatives WITH this attribute score ~7.9 klike_score points higher on average; CTR could improve by ~11%.",7.95
KLK-0439,TikTok,39.7,1,has_hook,"Add hook in the first 3 seconds to your creative. On TikTok, creatives WITH this attribute score ~17.3 klike_score points higher on average; CTR could improve by ~40%.",17.29
KLK-0439,TikTok,39.7,2,video_duration_s,"Increase video duration from 12s to ~38s. The optimal duration bucket for TikTok is '31-45s', which averages +13.4 klike_score points vs your current range.",13.42
KLK-0439,TikTok,39.7,3,has_subtitle,"Add subtitles / captions to your creative. On TikTok, creatives WITH this attribute score ~7.9 klike_score points higher on average; CTR could improve by ~11%.",7.95
KLK-0440,Meta,83.4,1,has_subtitle,"Add subtitles / captions to your creative. On Meta, creatives WITH this attribute score ~7.5 klike_score points higher on average; CTR could improve by ~13%.",7.48
KLK-0440,Meta,83.4,2,video_duration_s,"Increase video duration from 12s to ~75s. The optimal duration bucket for Meta is '>60s', which averages +6.1 klike_score points vs your current range.",6.13
KLK-0441,Meta,55.6,1,has_hook,"Add hook in the first 3 seconds to your creative. On Meta, creatives WITH this attribute score ~17.9 klike_score points higher on average; CTR could improve by ~34%.",17.86
KLK-0441,Meta,55.6,2,has_face,"Add a human face to your creative. On Meta, creatives WITH this attribute score ~12.9 klike_score points higher on average; CTR could improve by ~11%.",12.94
KLK-0441,Meta,55.6,3,video_duration_s,"Increase video duration from 10s to ~75s. The optimal duration bucket for Meta is '>60s', which averages +5.4 klike_score points vs your current range.",5.4
KLK-0442,LinkedIn,17.1,1,video_duration_s,"Increase video duration from 10s to ~75s. The optimal duration bucket for LinkedIn is '>60s', which averages +16.9 klike_score points vs your current range.",16.87
KLK-0442,LinkedIn,17.1,2,has_hook,"Add hook in the first 3 seconds to your creative. On LinkedIn, creatives WITH this attribute score ~15.9 klike_score points higher on average; CTR could improve by ~52%.",15.95
KLK-0442,LinkedIn,17.1,3,text_density,"Switch text density from 'high' to 'medium'. On LinkedIn, 'medium' text density averages +15.0 klike_score points higher.",15.03
KLK-0443,Meta,71.4,1,has_face,"Add a human face to your creative. On Meta, creatives WITH this attribute score ~12.9 klike_score points higher on average; CTR could improve by ~11% — efeito especialmente forte para a faixa etária 25-34.",12.94
KLK-0443,Meta,71.4,2,has_subtitle,"Add subtitles / captions to your creative. On Meta, creatives WITH this attribute score ~7.5 klike_score points higher on average; CTR could improve by ~13%.",7.48
KLK-0443,Meta,71.4,3,video_duration_s,"Increase video duration from 9s to ~75s. The optimal duration bucket for Meta is '>60s', which averages +5.4 klike_score points vs your current range.",5.4
KLK-0444,Meta,70.0,1,has_face,"Add a human face to your creative. On Meta, creatives WITH this attribute score ~12.9 klike_score points higher on average; CTR could improve by ~11%.",12.94
KLK-0444,Meta,70.0,2,text_density,"Switch text density from 'low' to 'medium'. On Meta, 'medium' text density averages +8.5 klike_score points higher.",8.55
KLK-0444,Meta,70.0,3,video_duration_s,"Increase video duration from 6s to ~75s. The optimal duration bucket for Meta is '>60s', which averages +5.4 klike_score points vs your current range.",5.4
KLK-0445,TikTok,61.7,1,has_hook,"Add hook in the first 3 seconds to your creative. On TikTok, creatives WITH this attribute score ~17.3 klike_score points higher on average; CTR could improve by ~40%.",17.29
KLK-0445,TikTok,61.7,2,text_density,"Switch text density from 'high' to 'medium'. On TikTok, 'medium' text density averages +11.6 klike_score points higher.",11.61
KLK-0445,TikTok,61.7,3,has_subtitle,"Add subtitles / captions to your creative. On TikTok, creatives WITH this attribute score ~7.9 klike_score points higher on average; CTR could improve by ~11%.",7.95
KLK-0446,LinkedIn,64.8,1,video_duration_s,"Increase video duration from 27s to ~75s. The optimal duration bucket for LinkedIn is '>60s', which averages +7.4 klike_score points vs your current range.",7.43
KLK-0446,LinkedIn,64.8,2,text_density,"Switch text density from 'low' to 'medium'. On LinkedIn, 'medium' text density averages +5.9 klike_score points higher.",5.9
KLK-0446,LinkedIn,64.8,3,format,"Switch ad format from 'quadrado' to 'horizontal'. On LinkedIn, 'horizontal' format averages +2.3 klike_score points higher.",2.3
KLK-0447,LinkedIn,33.0,1,has_hook,"Add hook in the first 3 seconds to your creative. On LinkedIn, creatives WITH this attribute score ~15.9 klike_score points higher on average; CTR could improve by ~52%.",15.95
KLK-0447,LinkedIn,33.0,2,format,"Switch ad format from 'vertical' to 'horizontal'. On LinkedIn, 'horizontal' format averages +13.4 klike_score points higher.",13.39
KLK-0447,LinkedIn,33.0,3,video_duration_s,"Increase video duration from 23s to ~75s. The optimal duration bucket for LinkedIn is '>60s', which averages +7.4 klike_score points vs your current range.",7.43
KLK-0448,TikTok,68.8,1,has_face,"Add a human face to your creative. On TikTok, creatives WITH this attribute score ~10.7 klike_score points higher on average; CTR could improve by ~38%.",10.69
KLK-0448,TikTok,68.8,2,video_duration_s,"Increase video duration from 9s to ~38s. The optimal duration bucket for TikTok is '31-45s', which averages +8.8 klike_score points vs your current range.",8.79
KLK-0448,TikTok,68.8,3,has_subtitle,"Add subtitles / captions to your creative. On TikTok, creatives WITH this attribute score ~7.9 klike_score points higher on average; CTR could improve by ~11%.",7.95
KLK-0449,Meta,57.6,1,has_hook,"Add hook in the first 3 seconds to your creative. On Meta, creatives WITH this attribute score ~17.9 klike_score points higher on average; CTR could improve by ~34%.",17.86
KLK-0449,Meta,57.6,2,has_cta,"Add a clear call-to-action to your creative. On Meta, creatives WITH this attribute score ~7.6 klike_score points higher on average; CTR could improve by ~6%.",7.61
KLK-0449,Meta,57.6,3,video_duration_s,"Increase video duration from 17s to ~75s. The optimal duration bucket for Meta is '>60s', which averages +6.1 klike_score points vs your current range.",6.13
KLK-0450,Meta,32.8,1,text_density,"Switch text density from 'high' to 'medium'. On Meta, 'medium' text density averages +18.3 klike_score points higher.",18.35
KLK-0450,Meta,32.8,2,has_hook,"Add hook in the first 3 seconds to your creative. On Meta, creatives WITH this attribute score ~17.9 klike_score points higher on average; CTR could improve by ~34%.",17.86
KLK-0450,Meta,32.8,3,has_face,"Add a human face to your creative. On Meta, creatives WITH this attribute score ~12.9 klike_score points higher on average; CTR could improve by ~11%.",12.94
KLK-0451,TikTok,91.3,1,video_duration_s,"Increase video duration from 13s to ~38s. The optimal duration bucket for TikTok is '31-45s', which averages +13.4 klike_score points vs your current range.",13.42
KLK-0452,TikTok,39.6,1,video_duration_s,"Increase video duration from 14s to ~38s. The optimal duration bucket for TikTok is '31-45s', which averages +13.4 klike_score points vs your current range.",13.42
KLK-0452,TikTok,39.6,2,has_face,"Add a human face to your creative. On TikTok, creatives WITH this attribute score ~10.7 klike_score points higher on average; CTR could improve by ~38%.",10.69
KLK-0452,TikTok,39.6,3,has_cta,"Add a clear call-to-action to your creative. On TikTok, creatives WITH this attribute score ~9.1 klike_score points higher on average; CTR could improve by ~10%.",9.12
KLK-0453,Meta,51.8,1,has_hook,"Add hook in the first 3 seconds to your creative. On Meta, creatives WITH this attribute score ~17.9 klike_score points higher on average; CTR could improve by ~34%.",17.86
KLK-0453,Meta,51.8,2,has_face,"Add a human face to your creative. On Meta, creatives WITH this attribute score ~12.9 klike_score points higher on average; CTR could improve by ~11%.",12.94
KLK-0453,Meta,51.8,3,video_duration_s,"Increase video duration from 10s to ~75s. The optimal duration bucket for Meta is '>60s', which averages +5.4 klike_score points vs your current range.",5.4
KLK-0454,LinkedIn,42.6,1,has_hook,"Add hook in the first 3 seconds to your creative. On LinkedIn, creatives WITH this attribute score ~15.9 klike_score points higher on average; CTR could improve by ~52%.",15.95
KLK-0454,LinkedIn,42.6,2,format,"Switch ad format from 'vertical' to 'horizontal'. On LinkedIn, 'horizontal' format averages +13.4 klike_score points higher.",13.39
KLK-0454,LinkedIn,42.6,3,text_density,"Switch text density from 'low' to 'medium'. On LinkedIn, 'medium' text density averages +5.9 klike_score points higher.",5.9
KLK-0455,Meta,54.3,1,text_density,"Switch text density from 'high' to 'medium'. On Meta, 'medium' text density averages +18.3 klike_score points higher.",18.35
KLK-0455,Meta,54.3,2,has_hook,"Add hook in the first 3 seconds to your creative. On Meta, creatives WITH this attribute score ~17.9 klike_score points higher on average; CTR could improve by ~34%.",17.86
KLK-0455,Meta,54.3,3,video_duration_s,"Increase video duration from 29s to ~75s. The optimal duration bucket for Meta is '>60s', which averages +6.4 klike_score points vs your current range.",6.43
KLK-0456,Meta,46.5,1,has_face,"Add a human face to your creative. On Meta, creatives WITH this attribute score ~12.9 klike_score points higher on average; CTR could improve by ~11%.",12.94
KLK-0456,Meta,46.5,2,text_density,"Switch text density from 'low' to 'medium'. On Meta, 'medium' text density averages +8.5 klike_score points higher.",8.55
KLK-0456,Meta,46.5,3,has_subtitle,"Add subtitles / captions to your creative. On Meta, creatives WITH this attribute score ~7.5 klike_score points higher on average; CTR could improve by ~13%.",7.48
KLK-0457,Meta,58.4,1,text_density,"Switch text density from 'high' to 'medium'. On Meta, 'medium' text density averages +18.3 klike_score points higher.",18.35
KLK-0457,Meta,58.4,2,has_subtitle,"Add subtitles / captions to your creative. On Meta, creatives WITH this attribute score ~7.5 klike_score points higher on average; CTR could improve by ~13%.",7.48
KLK-0457,Meta,58.4,3,video_duration_s,"Increase video duration from 10s to ~75s. The optimal duration bucket for Meta is '>60s', which averages +5.4 klike_score points vs your current range.",5.4
KLK-0458,Meta,89.0,1,video_duration_s,"Increase video duration from 13s to ~75s. The optimal duration bucket for Meta is '>60s', which averages +6.1 klike_score points vs your current range.",6.13
KLK-0459,Meta,64.4,1,has_hook,"Add hook in the first 3 seconds to your creative. On Meta, creatives WITH this attribute score ~17.9 klike_score points higher on average; CTR could improve by ~34%.",17.86
KLK-0459,Meta,64.4,2,has_face,"Add a human face to your creative. On Meta, creatives WITH this attribute score ~12.9 klike_score points higher on average; CTR could improve by ~11%.",12.94
KLK-0459,Meta,64.4,3,video_duration_s,"Increase video duration from 9s to ~75s. The optimal duration bucket for Meta is '>60s', which averages +5.4 klike_score points vs your current range.",5.4
KLK-0460,Meta,81.4,1,video_duration_s,"Increase video duration from 16s to ~75s. The optimal duration bucket for Meta is '>60s', which averages +6.1 klike_score points vs your current range.",6.13
KLK-0461,Meta,67.9,1,has_face,"Add a human face to your creative. On Meta, creatives WITH this attribute score ~12.9 klike_score points higher on average; CTR could improve by ~11%.",12.94
KLK-0461,Meta,67.9,2,has_cta,"Add a clear call-to-action to your creative. On Meta, creatives WITH this attribute score ~7.6 klike_score points higher on average; CTR could improve by ~6%.",7.61
KLK-0461,Meta,67.9,3,has_subtitle,"Add subtitles / captions to your creative. On Meta, creatives WITH this attribute score ~7.5 klike_score points higher on average; CTR could improve by ~13%.",7.48
KLK-0462,TikTok,44.0,1,has_hook,"Add hook in the first 3 seconds to your creative. On TikTok, creatives WITH this attribute score ~17.3 klike_score points higher on average; CTR could improve by ~40%.",17.29
KLK-0462,TikTok,44.0,2,video_duration_s,"Increase video duration from 12s to ~38s. The optimal duration bucket for TikTok is '31-45s', which averages +13.4 klike_score points vs your current range.",13.42
KLK-0462,TikTok,44.0,3,has_face,"Add a human face to your creative. On TikTok, creatives WITH this attribute score ~10.7 klike_score points higher on average; CTR could improve by ~38%.",10.69
KLK-0463,TikTok,69.7,1,has_hook,"Add hook in the first 3 seconds to your creative. On TikTok, creatives WITH this attribute score ~17.3 klike_score points higher on average; CTR could improve by ~40%.",17.29
KLK-0463,TikTok,69.7,2,text_density,"Switch text density from 'low' to 'medium'. On TikTok, 'medium' text density averages +3.2 klike_score points higher.",3.22
KLK-0464,TikTok,85.6,1,video_duration_s,"Increase video duration from 15s to ~38s. The optimal duration bucket for TikTok is '31-45s', which averages +13.4 klike_score points vs your current range.",13.42
KLK-0464,TikTok,85.6,2,has_cta,"Add a clear call-to-action to your creative. On TikTok, creatives WITH this attribute score ~9.1 klike_score points higher on average; CTR could improve by ~10%.",9.12
KLK-0465,LinkedIn,81.3,1,video_duration_s,"Increase video duration from 28s to ~75s. The optimal duration bucket for LinkedIn is '>60s', which averages +7.4 klike_score points vs your current range.",7.43
KLK-0465,LinkedIn,81.3,2,format,"Switch ad format from 'quadrado' to 'horizontal'. On LinkedIn, 'horizontal' format averages +2.3 klike_score points higher.",2.3
KLK-0466,Meta,23.3,1,text_density,"Switch text density from 'high' to 'medium'. On Meta, 'medium' text density averages +18.3 klike_score points higher.",18.35
KLK-0466,Meta,23.3,2,has_hook,"Add hook in the first 3 seconds to your creative. On Meta, creatives WITH this attribute score ~17.9 klike_score points higher on average; CTR could improve by ~34%.",17.86
KLK-0466,Meta,23.3,3,has_face,"Add a human face to your creative. On Meta, creatives WITH this attribute score ~12.9 klike_score points higher on average; CTR could improve by ~11%.",12.94
KLK-0467,Meta,41.5,1,has_hook,"Add hook in the first 3 seconds to your creative. On Meta, creatives WITH this attribute score ~17.9 klike_score points higher on average; CTR could improve by ~34%.",17.86
KLK-0467,Meta,41.5,2,has_cta,"Add a clear call-to-action to your creative. On Meta, creatives WITH this attribute score ~7.6 klike_score points higher on average; CTR could improve by ~6%.",7.61
KLK-0467,Meta,41.5,3,video_duration_s,"Increase video duration from 14s to ~75s. The optimal duration bucket for Meta is '>60s', which averages +6.1 klike_score points vs your current range.",6.13
KLK-0468,LinkedIn,56.8,1,has_face,"Add a human face to your creative. On LinkedIn, creatives WITH this attribute score ~13.1 klike_score points higher on average; CTR could improve by ~33%.",13.11
KLK-0468,LinkedIn,56.8,2,text_density,"Switch text density from 'low' to 'medium'. On LinkedIn, 'medium' text density averages +5.9 klike_score points higher.",5.9
KLK-0468,LinkedIn,56.8,3,has_subtitle,"Add subtitles / captions to your creative. On LinkedIn, creatives WITH this attribute score ~5.2 klike_score points higher on average; CTR could improve by ~-5%.",5.22
KLK-0469,Meta,53.5,1,has_hook,"Add hook in the first 3 seconds to your creative. On Meta, creatives WITH this attribute score ~17.9 klike_score points higher on average; CTR could improve by ~34%.",17.86
KLK-0469,Meta,53.5,2,text_density,"Switch text density from 'low' to 'medium'. On Meta, 'medium' text density averages +8.5 klike_score points higher.",8.55
KLK-0469,Meta,53.5,3,video_duration_s,"Increase video duration from 5s to ~75s. The optimal duration bucket for Meta is '>60s', which averages +5.4 klike_score points vs your current range.",5.4
KLK-0470,LinkedIn,72.3,1,has_hook,"Add hook in the first 3 seconds to your creative. On LinkedIn, creatives WITH this attribute score ~15.9 klike_score points higher on average; CTR could improve by ~52%.",15.95
KLK-0470,LinkedIn,72.3,2,video_duration_s,"Increase video duration from 40s to ~75s. The optimal duration bucket for LinkedIn is '>60s', which averages +11.8 klike_score points vs your current range.",11.84
KLK-0470,LinkedIn,72.3,3,format,"Switch ad format from 'quadrado' to 'horizontal'. On LinkedIn, 'horizontal' format averages +2.3 klike_score points higher.",2.3
KLK-0471,Meta,75.2,1,text_density,"Switch text density from 'low' to 'medium'. On Meta, 'medium' text density averages +8.5 klike_score points higher.",8.55
KLK-0471,Meta,75.2,2,video_duration_s,"Increase video duration from 12s to ~75s. The optimal duration bucket for Meta is '>60s', which averages +6.1 klike_score points vs your current range.",6.13
KLK-0472,LinkedIn,60.2,1,video_duration_s,"Increase video duration from 17s to ~75s. The optimal duration bucket for LinkedIn is '>60s', which averages +10.1 klike_score points vs your current range.",10.12
KLK-0472,LinkedIn,60.2,2,has_cta,"Add a clear call-to-action to your creative. On LinkedIn, creatives WITH this attribute score ~8.8 klike_score points higher on average; CTR could improve by ~13%.",8.77
KLK-0472,LinkedIn,60.2,3,text_density,"Switch text density from 'low' to 'medium'. On LinkedIn, 'medium' text density averages +5.9 klike_score points higher.",5.9
KLK-0473,Meta,69.2,1,has_cta,"Add a clear call-to-action to your creative. On Meta, creatives WITH this attribute score ~7.6 klike_score points higher on average; CTR could improve by ~6%.",7.61
KLK-0473,Meta,69.2,2,has_subtitle,"Add subtitles / captions to your creative. On Meta, creatives WITH this attribute score ~7.5 klike_score points higher on average; CTR could improve by ~13%.",7.48
KLK-0473,Meta,69.2,3,video_duration_s,"Increase video duration from 19s to ~75s. The optimal duration bucket for Meta is '>60s', which averages +6.1 klike_score points vs your current range.",6.13
KLK-0474,LinkedIn,50.7,1,has_hook,"Add hook in the first 3 seconds to your creative. On LinkedIn, creatives WITH this attribute score ~15.9 klike_score points higher on average; CTR could improve by ~52%.",15.95
KLK-0474,LinkedIn,50.7,2,has_face,"Add a human face to your creative. On LinkedIn, creatives WITH this attribute score ~13.1 klike_score points higher on average; CTR could improve by ~33%.",13.11
KLK-0474,LinkedIn,50.7,3,video_duration_s,"Increase video duration from 32s to ~75s. The optimal duration bucket for LinkedIn is '>60s', which averages +11.8 klike_score points vs your current range.",11.84
KLK-0475,TikTok,58.8,1,has_cta,"Add a clear call-to-action to your creative. On TikTok, creatives WITH this attribute score ~9.1 klike_score points higher on average; CTR could improve by ~10%.",9.12
KLK-0475,TikTok,58.8,2,video_duration_s,"Increase video duration from 10s to ~38s. The optimal duration bucket for TikTok is '31-45s', which averages +8.8 klike_score points vs your current range.",8.79
KLK-0475,TikTok,58.8,3,has_subtitle,"Add subtitles / captions to your creative. On TikTok, creatives WITH this attribute score ~7.9 klike_score points higher on average; CTR could improve by ~11%.",7.95
KLK-0476,LinkedIn,66.3,1,has_hook,"Add hook in the first 3 seconds to your creative. On LinkedIn, creatives WITH this attribute score ~15.9 klike_score points higher on average; CTR could improve by ~52%.",15.95
KLK-0476,LinkedIn,66.3,2,video_duration_s,"Increase video duration from 25s to ~75s. The optimal duration bucket for LinkedIn is '>60s', which averages +7.4 klike_score points vs your current range.",7.43
KLK-0476,LinkedIn,66.3,3,format,"Switch ad format from 'quadrado' to 'horizontal'. On LinkedIn, 'horizontal' format averages +2.3 klike_score points higher.",2.3
KLK-0477,Meta,60.5,1,has_hook,"Add hook in the first 3 seconds to your creative. On Meta, creatives WITH this attribute score ~17.9 klike_score points higher on average; CTR could improve by ~34%.",17.86
KLK-0477,Meta,60.5,2,has_subtitle,"Add subtitles / captions to your creative. On Meta, creatives WITH this attribute score ~7.5 klike_score points higher on average; CTR could improve by ~13%.",7.48
KLK-0477,Meta,60.5,3,video_duration_s,"Increase video duration from 26s to ~75s. The optimal duration bucket for Meta is '>60s', which averages +6.4 klike_score points vs your current range.",6.43
KLK-0478,TikTok,59.3,1,has_face,"Add a human face to your creative. On TikTok, creatives WITH this attribute score ~10.7 klike_score points higher on average; CTR could improve by ~38%.",10.69
KLK-0478,TikTok,59.3,2,video_duration_s,"Increase video duration from 10s to ~38s. The optimal duration bucket for TikTok is '31-45s', which averages +8.8 klike_score points vs your current range.",8.79
KLK-0478,TikTok,59.3,3,has_subtitle,"Add subtitles / captions to your creative. On TikTok, creatives WITH this attribute score ~7.9 klike_score points higher on average; CTR could improve by ~11%.",7.95
KLK-0479,LinkedIn,53.0,1,has_hook,"Add hook in the first 3 seconds to your creative. On LinkedIn, creatives WITH this attribute score ~15.9 klike_score points higher on average; CTR could improve by ~52%.",15.95
KLK-0479,LinkedIn,53.0,2,has_face,"Add a human face to your creative. On LinkedIn, creatives WITH this attribute score ~13.1 klike_score points higher on average; CTR could improve by ~33%.",13.11
KLK-0479,LinkedIn,53.0,3,video_duration_s,"Increase video duration from 29s to ~75s. The optimal duration bucket for LinkedIn is '>60s', which averages +7.4 klike_score points vs your current range.",7.43
KLK-0480,TikTok,53.6,1,has_hook,"Add hook in the first 3 seconds to your creative. On TikTok, creatives WITH this attribute score ~17.3 klike_score points higher on average; CTR could improve by ~40%.",17.29
KLK-0480,TikTok,53.6,2,format,"Switch ad format from 'quadrado' to 'vertical'. On TikTok, 'vertical' format averages +9.1 klike_score points higher.",9.08
KLK-0480,TikTok,53.6,3,has_subtitle,"Add subtitles / captions to your creative. On TikTok, creatives WITH this attribute score ~7.9 klike_score points higher on average; CTR could improve by ~11%.",7.95
KLK-0481,TikTok,68.1,1,text_density,"Switch text density from 'high' to 'medium'. On TikTok, 'medium' text density averages +11.6 klike_score points higher.",11.61
KLK-0481,TikTok,68.1,2,has_face,"Add a human face to your creative. On TikTok, creatives WITH this attribute score ~10.7 klike_score points higher on average; CTR could improve by ~38%.",10.69
KLK-0481,TikTok,68.1,3,has_cta,"Add a clear call-to-action to your creative. On TikTok, creatives WITH this attribute score ~9.1 klike_score points higher on average; CTR could improve by ~10%.",9.12
KLK-0482,TikTok,70.6,1,video_duration_s,"Increase video duration from 16s to ~38s. The optimal duration bucket for TikTok is '31-45s', which averages +13.4 klike_score points vs your current range.",13.42
KLK-0482,TikTok,70.6,2,has_subtitle,"Add subtitles / captions to your creative. On TikTok, creatives WITH this attribute score ~7.9 klike_score points higher on average; CTR could improve by ~11%.",7.95
KLK-0483,Meta,75.7,1,has_face,"Add a human face to your creative. On Meta, creatives WITH this attribute score ~12.9 klike_score points higher on average; CTR could improve by ~11% — efeito especialmente forte para a faixa etária 25-34.",12.94
KLK-0483,Meta,75.7,2,text_density,"Switch text density from 'low' to 'medium'. On Meta, 'medium' text density averages +8.5 klike_score points higher.",8.55
KLK-0483,Meta,75.7,3,video_duration_s,"Increase video duration from 8s to ~75s. The optimal duration bucket for Meta is '>60s', which averages +5.4 klike_score points vs your current range.",5.4
KLK-0484,TikTok,73.0,1,has_hook,"Add hook in the first 3 seconds to your creative. On TikTok, creatives WITH this attribute score ~17.3 klike_score points higher on average; CTR could improve by ~40%.",17.29
KLK-0484,TikTok,73.0,2,video_duration_s,"Increase video duration from 14s to ~38s. The optimal duration bucket for TikTok is '31-45s', which averages +13.4 klike_score points vs your current range.",13.42
KLK-0485,TikTok,63.1,1,has_hook,"Add hook in the first 3 seconds to your creative. On TikTok, creatives WITH this attribute score ~17.3 klike_score points higher on average; CTR could improve by ~40%.",17.29
KLK-0485,TikTok,63.1,2,video_duration_s,"Increase video duration from 11s to ~38s. The optimal duration bucket for TikTok is '31-45s', which averages +13.4 klike_score points vs your current range.",13.42
KLK-0485,TikTok,63.1,3,has_subtitle,"Add subtitles / captions to your creative. On TikTok, creatives WITH this attribute score ~7.9 klike_score points higher on average; CTR could improve by ~11%.",7.95
KLK-0486,LinkedIn,63.7,1,has_face,"Add a human face to your creative. On LinkedIn, creatives WITH this attribute score ~13.1 klike_score points higher on average; CTR could improve by ~33%.",13.11
KLK-0486,LinkedIn,63.7,2,video_duration_s,"Increase video duration from 20s to ~75s. The optimal duration bucket for LinkedIn is '>60s', which averages +10.1 klike_score points vs your current range.",10.12
KLK-0486,LinkedIn,63.7,3,has_cta,"Add a clear call-to-action to your creative. On LinkedIn, creatives WITH this attribute score ~8.8 klike_score points higher on average; CTR could improve by ~13%.",8.77
KLK-0487,Meta,65.8,1,has_hook,"Add hook in the first 3 seconds to your creative. On Meta, creatives WITH this attribute score ~17.9 klike_score points higher on average; CTR could improve by ~34%.",17.86
KLK-0487,Meta,65.8,2,video_duration_s,"Increase video duration from 10s to ~75s. The optimal duration bucket for Meta is '>60s', which averages +5.4 klike_score points vs your current range.",5.4
KLK-0487,Meta,65.8,3,format,"Switch ad format from 'horizontal' to 'quadrado'. On Meta, 'quadrado' format averages +3.6 klike_score points higher.",3.55
KLK-0488,Meta,55.5,1,has_face,"Add a human face to your creative. On Meta, creatives WITH this attribute score ~12.9 klike_score points higher on average; CTR could improve by ~11% — efeito especialmente forte para a faixa etária 25-34.",12.94
KLK-0488,Meta,55.5,2,text_density,"Switch text density from 'low' to 'medium'. On Meta, 'medium' text density averages +8.5 klike_score points higher.",8.55
KLK-0488,Meta,55.5,3,video_duration_s,"Increase video duration from 28s to ~75s. The optimal duration bucket for Meta is '>60s', which averages +6.4 klike_score points vs your current range.",6.43
KLK-0489,LinkedIn,59.8,1,video_duration_s,"Increase video duration from 58s to ~75s. The optimal duration bucket for LinkedIn is '>60s', which averages +26.0 klike_score points vs your current range.",26.03
KLK-0489,LinkedIn,59.8,2,text_density,"Switch text density from 'high' to 'medium'. On LinkedIn, 'medium' text density averages +15.0 klike_score points higher.",15.03
KLK-0489,LinkedIn,59.8,3,has_cta,"Add a clear call-to-action to your creative. On LinkedIn, creatives WITH this attribute score ~8.8 klike_score points higher on average; CTR could improve by ~13%.",8.77
KLK-0490,LinkedIn,57.2,1,text_density,"Switch text density from 'high' to 'medium'. On LinkedIn, 'medium' text density averages +15.0 klike_score points higher.",15.03
KLK-0490,LinkedIn,57.2,2,has_face,"Add a human face to your creative. On LinkedIn, creatives WITH this attribute score ~13.1 klike_score points higher on average; CTR could improve by ~33% — efeito especialmente forte para a faixa etária 25-34.",13.11
KLK-0490,LinkedIn,57.2,3,video_duration_s,"Increase video duration from 29s to ~75s. The optimal duration bucket for LinkedIn is '>60s', which averages +7.4 klike_score points vs your current range.",7.43
KLK-0491,Meta,57.0,1,has_face,"Add a human face to your creative. On Meta, creatives WITH this attribute score ~12.9 klike_score points higher on average; CTR could improve by ~11% — efeito especialmente forte para a faixa etária 25-34.",12.94
KLK-0491,Meta,57.0,2,text_density,"Switch text density from 'low' to 'medium'. On Meta, 'medium' text density averages +8.5 klike_score points higher.",8.55
KLK-0491,Meta,57.0,3,video_duration_s,"Increase video duration from 20s to ~75s. The optimal duration bucket for Meta is '>60s', which averages +6.1 klike_score points vs your current range.",6.13
KLK-0492,TikTok,61.0,1,text_density,"Switch text density from 'high' to 'medium'. On TikTok, 'medium' text density averages +11.6 klike_score points higher.",11.61
KLK-0492,TikTok,61.0,2,video_duration_s,"Increase video duration from 9s to ~38s. The optimal duration bucket for TikTok is '31-45s', which averages +8.8 klike_score points vs your current range.",8.79
KLK-0492,TikTok,61.0,3,has_subtitle,"Add subtitles / captions to your creative. On TikTok, creatives WITH this attribute score ~7.9 klike_score points higher on average; CTR could improve by ~11%.",7.95
KLK-0493,Meta,35.6,1,has_hook,"Add hook in the first 3 seconds to your creative. On Meta, creatives WITH this attribute score ~17.9 klike_score points higher on average; CTR could improve by ~34%.",17.86
KLK-0493,Meta,35.6,2,has_face,"Add a human face to your creative. On Meta, creatives WITH this attribute score ~12.9 klike_score points higher on average; CTR could improve by ~11%.",12.94
KLK-0493,Meta,35.6,3,text_density,"Switch text density from 'low' to 'medium'. On Meta, 'medium' text density averages +8.5 klike_score points higher.",8.55
KLK-0494,Meta,58.2,1,has_face,"Add a human face to your creative. On Meta, creatives WITH this attribute score ~12.9 klike_score points higher on average; CTR could improve by ~11% — efeito especialmente forte para a faixa etária 25-34.",12.94
KLK-0494,Meta,58.2,2,text_density,"Switch text density from 'low' to 'medium'. On Meta, 'medium' text density averages +8.5 klike_score points higher.",8.55
KLK-0494,Meta,58.2,3,video_duration_s,"Increase video duration from 16s to ~75s. The optimal duration bucket for Meta is '>60s', which averages +6.1 klike_score points vs your current range.",6.13
KLK-0495,Meta,26.1,1,text_density,"Switch text density from 'high' to 'medium'. On Meta, 'medium' text density averages +18.3 klike_score points higher.",18.35
KLK-0495,Meta,26.1,2,has_hook,"Add hook in the first 3 seconds to your creative. On Meta, creatives WITH this attribute score ~17.9 klike_score points higher on average; CTR could improve by ~34%.",17.86
KLK-0495,Meta,26.1,3,has_face,"Add a human face to your creative. On Meta, creatives WITH this attribute score ~12.9 klike_score points higher on average; CTR could improve by ~11%.",12.94
KLK-0496,Meta,64.1,1,has_cta,"Add a clear call-to-action to your creative. On Meta, creatives WITH this attribute score ~7.6 klike_score points higher on average; CTR could improve by ~6%.",7.61
KLK-0496,Meta,64.1,2,has_subtitle,"Add subtitles / captions to your creative. On Meta, creatives WITH this attribute score ~7.5 klike_score points higher on average; CTR could improve by ~13%.",7.48
KLK-0496,Meta,64.1,3,video_duration_s,"Increase video duration from 6s to ~75s. The optimal duration bucket for Meta is '>60s', which averages +5.4 klike_score points vs your current range.",5.4
KLK-0497,TikTok,76.5,1,has_face,"Add a human face to your creative. On TikTok, creatives WITH this attribute score ~10.7 klike_score points higher on average; CTR could improve by ~38%.",10.69
KLK-0497,TikTok,76.5,2,has_subtitle,"Add subtitles / captions to your creative. On TikTok, creatives WITH this attribute score ~7.9 klike_score points higher on average; CTR could improve by ~11%.",7.95
KLK-0498,Meta,69.7,1,text_density,"Switch text density from 'low' to 'medium'. On Meta, 'medium' text density averages +8.5 klike_score points higher.",8.55
KLK-0498,Meta,69.7,2,has_cta,"Add a clear call-to-action to your creative. On Meta, creatives WITH this attribute score ~7.6 klike_score points higher on average; CTR could improve by ~6%.",7.61
KLK-0498,Meta,69.7,3,video_duration_s,"Increase video duration from 27s to ~75s. The optimal duration bucket for Meta is '>60s', which averages +6.4 klike_score points vs your current range.",6.43
KLK-0499,LinkedIn,41.8,1,has_hook,"Add hook in the first 3 seconds to your creative. On LinkedIn, creatives WITH this attribute score ~15.9 klike_score points higher on average; CTR could improve by ~52%.",15.95
KLK-0499,LinkedIn,41.8,2,video_duration_s,"Increase video duration from 16s to ~75s. The optimal duration bucket for LinkedIn is '>60s', which averages +10.1 klike_score points vs your current range.",10.12
KLK-0499,LinkedIn,41.8,3,has_cta,"Add a clear call-to-action to your creative. On LinkedIn, creatives WITH this attribute score ~8.8 klike_score points higher on average; CTR could improve by ~13%.",8.77
KLK-0500,LinkedIn,55.4,1,text_density,"Switch text density from 'high' to 'medium'. On LinkedIn, 'medium' text density averages +15.0 klike_score points higher.",15.03
KLK-0500,LinkedIn,55.4,2,has_face,"Add a human face to your creative. On LinkedIn, creatives WITH this attribute score ~13.1 klike_score points higher on average; CTR could improve by ~33% — efeito especialmente forte para a faixa etária 25-34.",13.11
KLK-0500,LinkedIn,55.4,3,has_cta,"Add a clear call-to-action to your creative. On LinkedIn, creatives WITH this attribute score ~8.8 klike_score points higher on average; CTR could improve by ~13%.",8.77
